state,year,support,fte,cpi_u_rs,cpi_u_rs_2019
Alabama,2019,1657194944,203627,376.5,376.5
Alaska,2019,352348888,16721.16,376.5,376.5
Arizona,2019,905479000,292856,376.5,376.5
Arkansas,2019,996492009,112722,376.5,376.5
California,2019,15792285000,1555997,376.5,376.5
Colorado,2019,993825292,183745,376.5,376.5
Connecticut,2019,1131758139,83793,376.5,376.5
Delaware,2019,237443800,36410,376.5,376.5
Florida,2019,5347532462,603916,376.5,376.5
Georgia,2019,3635834759,355223,376.5,376.5
Hawaii,2019,778347851,35254,376.5,376.5
Idaho,2019,502954900,54421,376.5,376.5
Illinois,2019,4255406543,310561,376.5,376.5
Indiana,2019,1779141830,246300.67,376.5,376.5
Iowa,2019,815518230,123666,376.5,376.5
Kansas,2019,806027217,132253,376.5,376.5
Kentucky,2019,1144995600,142002,376.5,376.5
Louisiana,2019,1177144207,163931.95,376.5,376.5
Maine,2019,307978505,33947,376.5,376.5
Maryland,2019,2068342484,229239,376.5,376.5
Massachusetts,2019,1606272299,160327,376.5,376.5
Michigan,2019,1954421700,366298,376.5,376.5
Minnesota,2019,1630558000,184359,376.5,376.5
Mississippi,2019,904710576,129499,376.5,376.5
Missouri,2019,998983910,182499.2,376.5,376.5
Montana,2019,244579818,36371,376.5,376.5
Nebraska,2019,762533014,75941,376.5,376.5
Nevada,2019,655333247,71016,376.5,376.5
New Hampshire,2019,128543198,36353,376.5,376.5
New Jersey,2019,2155024000,262246,376.5,376.5
New Mexico,2019,868610800,79980,376.5,376.5
New York,2019,6143887569,537113,376.5,376.5
North Carolina,2019,4317673723,393922,376.5,376.5
North Dakota,2019,358491256,33683,376.5,376.5
Ohio,2019,2299505863,390905,376.5,376.5
Oklahoma,2019,831716742,128845,376.5,376.5
Oregon,2019,884053435,137942,376.5,376.5
Pennsylvania,2019,1756295000,346265,376.5,376.5
Rhode Island,2019,208435318,30204,376.5,376.5
South Carolina,2019,1174842762,162050,376.5,376.5
South Dakota,2019,238879017,32815.55,376.5,376.5
Tennessee,2019,1924836726,185912.35,376.5,376.5
Texas,2019,7577802811,1066707,376.5,376.5
Utah,2019,1113971200,128130,376.5,376.5
Vermont,2019,96188297,20458,376.5,376.5
Virginia,2019,2120468204,304997,376.5,376.5
Washington,2019,2037367000,235292,376.5,376.5
West Virginia,2019,491888995,66577,376.5,376.5
Wisconsin,2019,1573280133,209403,376.5,376.5
Wyoming,2019,384799235,22194.1,376.5,376.5
U.S.,2019,92130005508,10934889.98,376.5,376.5
District of Columbia,2019,87353491,3518,376.5,376.5
Alabama,2018,1599326154,202506,369.8,376.5
Alaska,2018,343870898,17555.26,369.8,376.5
Arizona,2018,875132900,290816,369.8,376.5
Arkansas,2018,982187681,114664,369.8,376.5
California,2018,14432398000,1553164,369.8,376.5
Colorado,2018,894743710,183875,369.8,376.5
Connecticut,2018,1097667519,86008,369.8,376.5
Delaware,2018,237069500,36073,369.8,376.5
Florida,2018,5037744202,602675,369.8,376.5
Georgia,2018,3443626402,350448,369.8,376.5
Hawaii,2018,716718368,36030,369.8,376.5
Idaho,2018,478997900,53570,369.8,376.5
Illinois,2018,4141275358,319582,369.8,376.5
Indiana,2018,1773727687,247677.78,369.8,376.5
Iowa,2018,804642010,125333,369.8,376.5
Kansas,2018,772091220,133815,369.8,376.5
Kentucky,2018,1173159100,144747,369.8,376.5
Louisiana,2018,1159690661,161670.45,369.8,376.5
Maine,2018,303051904,33945,369.8,376.5
Maryland,2018,1991588780,231761,369.8,376.5
Massachusetts,2018,1564337918,163673,369.8,376.5
Michigan,2018,1917024500,372073,369.8,376.5
Minnesota,2018,1653249000,187705,369.8,376.5
Mississippi,2018,900155014,130279,369.8,376.5
Missouri,2018,988536584,186862,369.8,376.5
Montana,2018,241493606,37371,369.8,376.5
Nebraska,2018,745710158,76792,369.8,376.5
Nevada,2018,622021005,70437,369.8,376.5
New Hampshire,2018,127935617,37643,369.8,376.5
New Jersey,2018,2065933000,264441,369.8,376.5
New Mexico,2018,836246000,83746.5,369.8,376.5
New York,2018,5931007406,546831,369.8,376.5
North Carolina,2018,4086567077,392138,369.8,376.5
North Dakota,2018,358491256,34969,369.8,376.5
Ohio,2018,2300904761,387109,369.8,376.5
Oklahoma,2018,824226487,131083,369.8,376.5
Oregon,2018,839939382,140410,369.8,376.5
Pennsylvania,2018,1713363000,344494,369.8,376.5
Rhode Island,2018,199553587,30316,369.8,376.5
South Carolina,2018,1097979545,164401.92,369.8,376.5
South Dakota,2018,234058232,32898.8,369.8,376.5
Tennessee,2018,1844857699,184975.57,369.8,376.5
Texas,2018,7493114733,1052885,369.8,376.5
Utah,2018,1029936100,125550,369.8,376.5
Vermont,2018,95533067,20583,369.8,376.5
Virginia,2018,2013572522,303300,369.8,376.5
Washington,2018,1906810000,237289,369.8,376.5
West Virginia,2018,470910031,68746,369.8,376.5
Wisconsin,2018,1509157200,211610,369.8,376.5
Wyoming,2018,373759707,22699,369.8,376.5
U.S.,2018,88245094148,10969226.28,369.8,376.5
District of Columbia,2018,78180000,3568,369.8,376.5
Alabama,2017,1567347574,198619,361,376.5
Alaska,2017,352480708,18492.23,361,376.5
Arizona,2017,860387400,286335,361,376.5
Arkansas,2017,974615738,114976,361,376.5
California,2017,13562573000,1536241,361,376.5
Colorado,2017,869271013,182212,361,376.5
Connecticut,2017,1152055154,90404,361,376.5
Delaware,2017,234722700,35554,361,376.5
Florida,2017,4537335069,597293,361,376.5
Georgia,2017,3210406736,347479,361,376.5
Hawaii,2017,667478019,36827,361,376.5
Idaho,2017,460323000,53116,361,376.5
Illinois,2017,4546523441,330668,361,376.5
Indiana,2017,1745379182,248664,361,376.5
Iowa,2017,829402839,126555,361,376.5
Kansas,2017,769175109,134716,361,376.5
Kentucky,2017,1170767200,147167,361,376.5
Louisiana,2017,1083387063,160056.83,361,376.5
Maine,2017,301740529,34287,361,376.5
Maryland,2017,1963481407,232963,361,376.5
Massachusetts,2017,1544319564,165736,361,376.5
Michigan,2017,1877039600,378402,361,376.5
Minnesota,2017,1543313000,189951,361,376.5
Mississippi,2017,1013678408,130623,361,376.5
Missouri,2017,1011797327,195255,361,376.5
Montana,2017,249254902,38076,361,376.5
Nebraska,2017,753553849,76899,361,376.5
Nevada,2017,570958220,69104,361,376.5
New Hampshire,2017,125200059,38156,361,376.5
New Jersey,2017,2083569000,266194,361,376.5
New Mexico,2017,854808000,89020,361,376.5
New York,2017,5735095034,549948,361,376.5
North Carolina,2017,3982126724,389604,361,376.5
North Dakota,2017,419650340,35743,361,376.5
Ohio,2017,2303647976,390840,361,376.5
Oklahoma,2017,863204515,133682,361,376.5
Oregon,2017,816722620,144148,361,376.5
Pennsylvania,2017,1693108000,348672,361,376.5
Rhode Island,2017,188739813,30246,361,376.5
South Carolina,2017,1094964380,167414.21,361,376.5
South Dakota,2017,238612300,32294.9,361,376.5
Tennessee,2017,1732289377,185512.91,361,376.5
Texas,2017,7614429799,1034453,361,376.5
Utah,2017,978663600,123075,361,376.5
Vermont,2017,93158125,20662,361,376.5
Virginia,2017,2051845077,305307,361,376.5
Washington,2017,1878116000,239481,361,376.5
West Virginia,2017,484109151,69938.5,361,376.5
Wisconsin,2017,1473947300,213143,361,376.5
Wyoming,2017,382164128,23300,361,376.5
U.S.,2017,86510939069,10987505.58,361,376.5
District of Columbia,2017,76680000,3239,361,376.5
Alabama,2016,1495279091,195536,353.4,376.5
Alaska,2016,377066698,19268.9,353.4,376.5
Arizona,2016,822244800,279239,353.4,376.5
Arkansas,2016,989276907,117110,353.4,376.5
California,2016,13142680906,1530131,353.4,376.5
Colorado,2016,866407921,180264,353.4,376.5
Connecticut,2016,1218285527,85705,353.4,376.5
Delaware,2016,230005700,36472,353.4,376.5
Florida,2016,4367744693,598660,353.4,376.5
Georgia,2016,3044261694,345645,353.4,376.5
Hawaii,2016,603948055,38414,353.4,376.5
Idaho,2016,419045700,52744,353.4,376.5
Illinois,2016,3350027230,342422,353.4,376.5
Indiana,2016,1739630019,249925.48,353.4,376.5
Iowa,2016,849068059,126165,353.4,376.5
Kansas,2016,766842487,135366,353.4,376.5
Kentucky,2016,1177003850,149314,353.4,376.5
Louisiana,2016,1179534783,167896.09,353.4,376.5
Maine,2016,285491133,34604,353.4,376.5
Maryland,2016,1868491878,234124,353.4,376.5
Massachusetts,2016,1493700338,169189,353.4,376.5
Michigan,2016,1825523600,380128,353.4,376.5
Minnesota,2016,1532825000,193197,353.4,376.5
Mississippi,2016,1038807427,128728,353.4,376.5
Missouri,2016,1035360643,192781,353.4,376.5
Montana,2016,259866199,37954,353.4,376.5
Nebraska,2016,747592380,76442,353.4,376.5
Nevada,2016,538609215,68959,353.4,376.5
New Hampshire,2016,123921071,36640,353.4,376.5
New Jersey,2016,2068260000,268296,353.4,376.5
New Mexico,2016,911915500,93379,353.4,376.5
New York,2016,5602512841,556098,353.4,376.5
North Carolina,2016,3829383471,388322,353.4,376.5
North Dakota,2016,405723652,36165,353.4,376.5
Ohio,2016,2226256398,388777,353.4,376.5
Oklahoma,2016,927345547,134960,353.4,376.5
Oregon,2016,775829437,144148,353.4,376.5
Pennsylvania,2016,1647532000,350435,353.4,376.5
Rhode Island,2016,179842845,30757,353.4,376.5
South Carolina,2016,1026089319,171202.4,353.4,376.5
South Dakota,2016,218328634,33674.5,353.4,376.5
Tennessee,2016,1639925353,185543.04,353.4,376.5
Texas,2016,7435341813,1020366,353.4,376.5
Utah,2016,933251500,122066,353.4,376.5
Vermont,2016,91722391,20447,353.4,376.5
Virginia,2016,1861817203,310368,353.4,376.5
Washington,2016,1770882000,240788,353.4,376.5
West Virginia,2016,486264899,71026,353.4,376.5
Wisconsin,2016,1471162500,217856,353.4,376.5
Wyoming,2016,419149337,23811.9,353.4,376.5
U.S.,2016,83317079644,11011509.31,353.4,376.5
District of Columbia,2016,71942472,4041,353.4,376.5
Alabama,2015,1468403494,193411,348.9,376.5
Alaska,2015,400282627,19933.5,348.9,376.5
Arizona,2015,937489700,274454,348.9,376.5
Arkansas,2015,991233464,118408,348.9,376.5
California,2015,12282188862,1539822,348.9,376.5
Colorado,2015,778730431,181867,348.9,376.5
Connecticut,2015,1121039850,87403,348.9,376.5
Delaware,2015,226594100,36742,348.9,376.5
Florida,2015,4219826590,601198,348.9,376.5
Georgia,2015,2903195634,344325,348.9,376.5
Hawaii,2015,573459205,39444,348.9,376.5
Idaho,2015,401454400,54102,348.9,376.5
Illinois,2015,4385575551,351917,348.9,376.5
Indiana,2015,1648510778,252802.16,348.9,376.5
Iowa,2015,847741404,124883,348.9,376.5
Kansas,2015,803124160,137035,348.9,376.5
Kentucky,2015,1175369768,152317,348.9,376.5
Louisiana,2015,1120321587,165329,348.9,376.5
Maine,2015,272341674,35445,348.9,376.5
Maryland,2015,1791980404,233207.53,348.9,376.5
Massachusetts,2015,1462827301,170703,348.9,376.5
Michigan,2015,1784194800,390047,348.9,376.5
Minnesota,2015,1445822000,198328,348.9,376.5
Mississippi,2015,1009235634,129478,348.9,376.5
Missouri,2015,1031361067,186936,348.9,376.5
Montana,2015,239403026,38732,348.9,376.5
Nebraska,2015,717028058,78469,348.9,376.5
Nevada,2015,487293554,66924,348.9,376.5
New Hampshire,2015,123155000,38398,348.9,376.5
New Jersey,2015,1990469000,270053,348.9,376.5
New Mexico,2015,902205600,96110,348.9,376.5
New York,2015,5529283919,566235,348.9,376.5
North Carolina,2015,3667947179,391990,348.9,376.5
North Dakota,2015,409693640,36801,348.9,376.5
Ohio,2015,2133970812,393845,348.9,376.5
Oklahoma,2015,1054794860,136311,348.9,376.5
Oregon,2015,670692530,149100,348.9,376.5
Pennsylvania,2015,1658992000,354891,348.9,376.5
Rhode Island,2015,172470788,31547,348.9,376.5
South Carolina,2015,970219549,174642.98,348.9,376.5
South Dakota,2015,217442912,33937.6,348.9,376.5
Tennessee,2015,1579203336,185315.69,348.9,376.5
Texas,2015,6849320087,1010334,348.9,376.5
Utah,2015,887761300,120352,348.9,376.5
Vermont,2015,91247843,20639,348.9,376.5
Virginia,2015,1809791006,314066,348.9,376.5
Washington,2015,1580750000,242221,348.9,376.5
West Virginia,2015,509752932,72765,348.9,376.5
Wisconsin,2015,1601240683,219490,348.9,376.5
Wyoming,2015,376989173,24041.3,348.9,376.5
U.S.,2015,81313423272,11086747.76,348.9,376.5
District of Columbia,2015,73457573,3723,348.9,376.5
Alabama,2014,1444764352,194439,348.3,376.5
Alaska,2014,399052668,20483.94,348.3,376.5
Arizona,2014,897579300,270127,348.3,376.5
Arkansas,2014,1001496233,121365,348.3,376.5
California,2014,10765415955,1517902,348.3,376.5
Colorado,2014,677086916,184836,348.3,376.5
Connecticut,2014,1026156341,88681,348.3,376.5
Delaware,2014,227606200,35657,348.3,376.5
Florida,2014,3925291450,608226,348.3,376.5
Georgia,2014,2790040144,347733,348.3,376.5
Hawaii,2014,530388306,40436,348.3,376.5
Idaho,2014,374642100,56177,348.3,376.5
Illinois,2014,4306995896,362508,348.3,376.5
Indiana,2014,1663061249,253336.69,348.3,376.5
Iowa,2014,823333019,127407,348.3,376.5
Kansas,2014,771121325,138310,348.3,376.5
Kentucky,2014,1194587857,154782,348.3,376.5
Louisiana,2014,1125250832,168001.19,348.3,376.5
Maine,2014,271864121,36577,348.3,376.5
Maryland,2014,1721006820,232934.64,348.3,376.5
Massachusetts,2014,1342072529,172573.9,348.3,376.5
Michigan,2014,1669524700,400859,348.3,376.5
Minnesota,2014,1394503000,203523,348.3,376.5
Mississippi,2014,973846876,130436,348.3,376.5
Missouri,2014,954236519,196831,348.3,376.5
Montana,2014,227006121,39484,348.3,376.5
Nebraska,2014,688183035,79704,348.3,376.5
Nevada,2014,485640591,64497,348.3,376.5
New Hampshire,2014,109000000,36988,348.3,376.5
New Jersey,2014,1990469000,274341,348.3,376.5
New Mexico,2014,856215012,98630,348.3,376.5
New York,2014,5306812959,565719,348.3,376.5
North Carolina,2014,3617627709,402199,348.3,376.5
North Dakota,2014,409693640,36927,348.3,376.5
Ohio,2014,2104931061,401856,348.3,376.5
Oklahoma,2014,1053566920,145401,348.3,376.5
Oregon,2014,631121950,155418,348.3,376.5
Pennsylvania,2014,1644692000,358693,348.3,376.5
Rhode Island,2014,167567862,31506,348.3,376.5
South Carolina,2014,909110205,174816.45,348.3,376.5
South Dakota,2014,207837626,33658.9,348.3,376.5
Tennessee,2014,1587786604,190485.4,348.3,376.5
Texas,2014,6948653093,1010936,348.3,376.5
Utah,2014,798346200,119692,348.3,376.5
Vermont,2014,92686200,20903,348.3,376.5
Virginia,2014,1780468378,318166,348.3,376.5
Washington,2014,1570807000,245011,348.3,376.5
West Virginia,2014,516276320,76202,348.3,376.5
Wisconsin,2014,1114018800,223777,348.3,376.5
Wyoming,2014,352669707,24986,348.3,376.5
U.S.,2014,77442112701,11194139.11,348.3,376.5
District of Columbia,2014,66690620,3894.6,348.3,376.5
Alabama,2013,1406898493,197110,342.5,376.5
Alaska,2013,382098776,21150.62,342.5,376.5
Arizona,2013,858893000,270644,342.5,376.5
Arkansas,2013,1015018606,124157,342.5,376.5
California,2013,9377928000,1501945,342.5,376.5
Colorado,2013,638253447,188405,342.5,376.5
Connecticut,2013,887382687,87810,342.5,376.5
Delaware,2013,216492700,34715,342.5,376.5
Florida,2013,3338709069,619179,342.5,376.5
Georgia,2013,2624294318,354989,342.5,376.5
Hawaii,2013,526179654,41094,342.5,376.5
Idaho,2013,360070800,57837,342.5,376.5
Illinois,2013,4292588457,373403,342.5,376.5
Indiana,2013,1557306211,256330.62,342.5,376.5
Iowa,2013,787419692,129669,342.5,376.5
Kansas,2013,795346375,140182,342.5,376.5
Kentucky,2013,1187665803,155586,342.5,376.5
Louisiana,2013,1174061988,174552,342.5,376.5
Maine,2013,265872234,37342,342.5,376.5
Maryland,2013,1617306184,238813.85,342.5,376.5
Massachusetts,2013,1255182474,171974.4,342.5,376.5
Michigan,2013,1608824500,411770,342.5,376.5
Minnesota,2013,1285247000,210332,342.5,376.5
Mississippi,2013,924952654,132114,342.5,376.5
Missouri,2013,931239665,196659,342.5,376.5
Montana,2013,202187817,40169,342.5,376.5
Nebraska,2013,659571367,81175,342.5,376.5
Nevada,2013,472368017,65917,342.5,376.5
New Hampshire,2013,85622352,39224,342.5,376.5
New Jersey,2013,1888439000,276052,342.5,376.5
New Mexico,2013,832616879,101239,342.5,376.5
New York,2013,5111538235,571693,342.5,376.5
North Carolina,2013,3751478952,410622,342.5,376.5
North Dakota,2013,343805783,37122,342.5,376.5
Ohio,2013,2050123177,400796,342.5,376.5
Oklahoma,2013,1044735666,144138,342.5,376.5
Oregon,2013,580701607,160939,342.5,376.5
Pennsylvania,2013,1632655000,364468,342.5,376.5
Rhode Island,2013,164566569,31699,342.5,376.5
South Carolina,2013,910405772,178240.09,342.5,376.5
South Dakota,2013,196229662,32945,342.5,376.5
Tennessee,2013,1455168883,196096.8,342.5,376.5
Texas,2013,6351228175,1019173,342.5,376.5
Utah,2013,748759000,123851,342.5,376.5
Vermont,2013,89340755,21259,342.5,376.5
Virginia,2013,1712075324,320481,342.5,376.5
Washington,2013,1407137000,248273,342.5,376.5
West Virginia,2013,550588678,78458,342.5,376.5
Wisconsin,2013,1163226571,229463,342.5,376.5
Wyoming,2013,383533411,25669,342.5,376.5
U.S.,2013,73103336439,11326925.38,342.5,376.5
District of Columbia,2013,75404620,3945.3,342.5,376.5
Alabama,2012,1494583181,206364,337.5,376.5
Alaska,2012,365632349,21673.63,337.5,376.5
Arizona,2012,839490800,275238,337.5,376.5
Arkansas,2012,1018182219,124426,337.5,376.5
California,2012,9146297000,1541159,337.5,376.5
Colorado,2012,645120743,192541,337.5,376.5
Connecticut,2012,949946216,85683,337.5,376.5
Delaware,2012,213193700,34672,337.5,376.5
Florida,2012,3622861769,641446,337.5,376.5
Georgia,2012,2709389686,379004,337.5,376.5
Hawaii,2012,522410826,40883,337.5,376.5
Idaho,2012,333669600,58980,337.5,376.5
Illinois,2012,3832385769,384614.72,337.5,376.5
Indiana,2012,1551918210,262545.81,337.5,376.5
Iowa,2012,740351670,132423,337.5,376.5
Kansas,2012,752992878,141354,337.5,376.5
Kentucky,2012,1235520771,159306,337.5,376.5
Louisiana,2012,1237070397,181589.28,337.5,376.5
Maine,2012,270884116,37897,337.5,376.5
Maryland,2012,1606876744,242955,337.5,376.5
Massachusetts,2012,1208206572,170220.7,337.5,376.5
Michigan,2012,1549732500,423785,337.5,376.5
Minnesota,2012,1285041000,214653,337.5,376.5
Mississippi,2012,954183795,137888,337.5,376.5
Missouri,2012,933329405,196360,337.5,376.5
Montana,2012,202105316,40847,337.5,376.5
Nebraska,2012,650437323,83861,337.5,376.5
Nevada,2012,473148326,65238,337.5,376.5
New Hampshire,2012,82697778,39099,337.5,376.5
New Jersey,2012,1998300000,278868,337.5,376.5
New Mexico,2012,804674067,97719,337.5,376.5
New York,2012,4854239173,577136,337.5,376.5
North Carolina,2012,3578659248,412349,337.5,376.5
North Dakota,2012,343964303,37503,337.5,376.5
Ohio,2012,2013731126,423509,337.5,376.5
Oklahoma,2012,1042592350,146518,337.5,376.5
Oregon,2012,566031614,165094,337.5,376.5
Pennsylvania,2012,1639540000,369046,337.5,376.5
Rhode Island,2012,181651066,31729,337.5,376.5
South Carolina,2012,859516750,173447.59,337.5,376.5
South Dakota,2012,181016376,33540,337.5,376.5
Tennessee,2012,1414996174,201734.7,337.5,376.5
Texas,2012,6474261279,1013647,337.5,376.5
Utah,2012,728922600,126594,337.5,376.5
Vermont,2012,90109661,21791,337.5,376.5
Virginia,2012,1624026722,325517,337.5,376.5
Washington,2012,1361782000,253902,337.5,376.5
West Virginia,2012,545167484,80193,337.5,376.5
Wisconsin,2012,1107423602,233284,337.5,376.5
Wyoming,2012,337988717,26174,337.5,376.5
U.S.,2012,72176254971,11546001.43,337.5,376.5
District of Columbia,2012,67362122,4033.7,337.5,376.5
Alabama,2011,1543660595,212758,330.5,376.5
Alaska,2011,349617103,21089.83,330.5,376.5
Arizona,2011,1102212700,275071,330.5,376.5
Arkansas,2011,1015701968,124085,330.5,376.5
California,2011,10984313738,1586699,330.5,376.5
Colorado,2011,763136784,195621,330.5,376.5
Connecticut,2011,1076131375,86281,330.5,376.5
Delaware,2011,212455800,34648,330.5,376.5
Florida,2011,4132825282,636320,330.5,376.5
Georgia,2011,2956868287,385615,330.5,376.5
Hawaii,2011,523978138,40743,330.5,376.5
Idaho,2011,348063900,53201,330.5,376.5
Illinois,2011,3603549212,393312.62,330.5,376.5
Indiana,2011,1564730685,273322.52,330.5,376.5
Iowa,2011,758711929,132744,330.5,376.5
Kansas,2011,795182338,141031,330.5,376.5
Kentucky,2011,1285568819,159806,330.5,376.5
Louisiana,2011,1582176852,183633,330.5,376.5
Maine,2011,276689767,38284,330.5,376.5
Maryland,2011,1596186225,238741.69,330.5,376.5
Massachusetts,2011,1214703917,168671,330.5,376.5
Michigan,2011,1869659000,435592,330.5,376.5
Minnesota,2011,1384573000,214342,330.5,376.5
Mississippi,2011,1019593795,138859,330.5,376.5
Missouri,2011,1000997715,197890,330.5,376.5
Montana,2011,209541869,40961,330.5,376.5
Nebraska,2011,653935362,84384,330.5,376.5
Nevada,2011,550168604,69169,330.5,376.5
New Hampshire,2011,137555490,39036,330.5,376.5
New Jersey,2011,2050400000,277147,330.5,376.5
New Mexico,2011,843082624,92078,330.5,376.5
New York,2011,5238169624,578830,330.5,376.5
North Carolina,2011,3780946745,425779,330.5,376.5
North Dakota,2011,311678000,37915,330.5,376.5
Ohio,2011,2282711269,460747,330.5,376.5
Oklahoma,2011,1143222958,150171,330.5,376.5
Oregon,2011,650162979,168374,330.5,376.5
Pennsylvania,2011,1944404000,374997,330.5,376.5
Rhode Island,2011,164609803,31724,330.5,376.5
South Carolina,2011,928848337,172374.53,330.5,376.5
South Dakota,2011,196616485,33313,330.5,376.5
Tennessee,2011,1659586381,201378,330.5,376.5
Texas,2011,6270811568,979943,330.5,376.5
Utah,2011,734871622,125073,330.5,376.5
Vermont,2011,94227425,22548,330.5,376.5
Virginia,2011,1903977834,321965,330.5,376.5
Washington,2011,1592882000,261485,330.5,376.5
West Virginia,2011,535119010,81116,330.5,376.5
Wisconsin,2011,1330088284,240625,330.5,376.5
Wyoming,2011,384795426,26391.5,330.5,376.5
U.S.,2011,78553702623,11665884.69,330.5,376.5
District of Columbia,2011,66420000,3659,330.5,376.5
Alabama,2010,1542585887,210067,320.4,376.5
Alaska,2010,336883938,20291.38,320.4,376.5
Arizona,2010,1160506000,259953,320.4,376.5
Arkansas,2010,951796422,118884,320.4,376.5
California,2010,10114803000,1612044,320.4,376.5
Colorado,2010,827925458,187231,320.4,376.5
Connecticut,2010,1097950296,85033,320.4,376.5
Delaware,2010,242518560,33570,320.4,376.5
Florida,2010,3958273967,607246,320.4,376.5
Georgia,2010,2963304866,370732.1,320.4,376.5
Hawaii,2010,567966074,39857,320.4,376.5
Idaho,2010,369722800,49251,320.4,376.5
Illinois,2010,3684064394,391925.9,320.4,376.5
Indiana,2010,1595424390,265757.48,320.4,376.5
Iowa,2010,863776446,127128,320.4,376.5
Kansas,2010,793700801,138240,320.4,376.5
Kentucky,2010,1286116198,154247,320.4,376.5
Louisiana,2010,1493619738,178931,320.4,376.5
Maine,2010,270023801,37517,320.4,376.5
Maryland,2010,1600560142,231188.76,320.4,376.5
Massachusetts,2010,1208725729,165244,320.4,376.5
Michigan,2010,1905703800,434490,320.4,376.5
Minnesota,2010,1566839000,215009,320.4,376.5
Mississippi,2010,1069923179,127025,320.4,376.5
Missouri,2010,1085179342,191608,320.4,376.5
Montana,2010,209496709,38909,320.4,376.5
Nebraska,2010,641402181,83206,320.4,376.5
Nevada,2010,581263909,68799,320.4,376.5
New Hampshire,2010,144610959,39171,320.4,376.5
New Jersey,2010,2083600000,268066,320.4,376.5
New Mexico,2010,895500103,98709,320.4,376.5
New York,2010,5144258636,572355,320.4,376.5
North Carolina,2010,3753464917,420956,320.4,376.5
North Dakota,2010,311677000,37716,320.4,376.5
Ohio,2010,2277951986,447494,320.4,376.5
Oklahoma,2010,1189774282,142024,320.4,376.5
Oregon,2010,690552147,160037,320.4,376.5
Pennsylvania,2010,1968098000,371286,320.4,376.5
Rhode Island,2010,160619897,32071,320.4,376.5
South Carolina,2010,1027812395,171727.11,320.4,376.5
South Dakota,2010,198653313,32323.6,320.4,376.5
Tennessee,2010,1655904400,190286,320.4,376.5
Texas,2010,6761849616,896832,320.4,376.5
Utah,2010,745139400,118446,320.4,376.5
Vermont,2010,93255052,21778,320.4,376.5
Virginia,2010,1802021513,312598,320.4,376.5
Washington,2010,1673104000,254867,320.4,376.5
West Virginia,2010,523261053,78798,320.4,376.5
Wisconsin,2010,1247696524,237403,320.4,376.5
Wyoming,2010,307863715,25587,320.4,376.5
U.S.,2010,78646725935,11373915.33,320.4,376.5
Alabama,2009,1581208946,199153,315.2,376.5
Alaska,2009,323420318,19030.17,315.2,376.5
Arizona,2009,1308325500,245680,315.2,376.5
Arkansas,2009,887321221,108474,315.2,376.5
California,2009,11182592000,1639923,315.2,376.5
Colorado,2009,833212309,171564,315.2,376.5
Connecticut,2009,1045313922,80433,315.2,376.5
Delaware,2009,243840165,32417,315.2,376.5
Florida,2009,4107485788,564963,315.2,376.5
Georgia,2009,2890543051,330866.4,315.2,376.5
Hawaii,2009,604878507,37070,315.2,376.5
Idaho,2009,416493100,44705,315.2,376.5
Illinois,2009,3203555376,368019,315.2,376.5
Indiana,2009,1639107213,239872.59,315.2,376.5
Iowa,2009,914194605,117254,315.2,376.5
Kansas,2009,815609440,130930,315.2,376.5
Kentucky,2009,1284097566,144641,315.2,376.5
Louisiana,2009,1564395611,169602.46,315.2,376.5
Maine,2009,269992384,35968,315.2,376.5
Maryland,2009,1613101952,231079,315.2,376.5
Massachusetts,2009,1242600543,155387,315.2,376.5
Michigan,2009,2046065700,409270,315.2,376.5
Minnesota,2009,1556962532,200732,315.2,376.5
Mississippi,2009,978760459,120873,315.2,376.5
Missouri,2009,1108459017,177751,315.2,376.5
Montana,2009,207471410,36388,315.2,376.5
Nebraska,2009,651703765,77825.08,315.2,376.5
Nevada,2009,623227269,65665,315.2,376.5
New Hampshire,2009,138531000,34311,315.2,376.5
New Jersey,2009,1984924000,246215,315.2,376.5
New Mexico,2009,952987632,89450,315.2,376.5
New York,2009,4967332909,547845,315.2,376.5
North Carolina,2009,3709737250,385791.88,315.2,376.5
North Dakota,2009,253901000,36408,315.2,376.5
Ohio,2009,2474062613,391546,315.2,376.5
Oklahoma,2009,1078158766,127058,315.2,376.5
Oregon,2009,743058124,141532,315.2,376.5
Pennsylvania,2009,2228734000,353494,315.2,376.5
Rhode Island,2009,191329662,30120,315.2,376.5
South Carolina,2009,981323606,157466.82,315.2,376.5
South Dakota,2009,199563285,31026.6,315.2,376.5
Tennessee,2009,1663595500,178100,315.2,376.5
Texas,2009,6107243700,861900,315.2,376.5
Utah,2009,777757500,107649,315.2,376.5
Vermont,2009,87189483,20654,315.2,376.5
Virginia,2009,1899464085,294436,315.2,376.5
Washington,2009,1809447000,236742,315.2,376.5
West Virginia,2009,518293576,74864,315.2,376.5
Wisconsin,2009,1292041167,224113,315.2,376.5
Wyoming,2009,327329344,23627.9,315.2,376.5
U.S.,2009,79529944871,10749885.9,315.2,376.5
Alabama,2008,1961808342,187086,316.3,376.5
Alaska,2008,300872924,18723.1,316.3,376.5
Arizona,2008,1325906400,233255,316.3,376.5
Arkansas,2008,879882230,106206,316.3,376.5
California,2008,11620239000,1507467,316.3,376.5
Colorado,2008,747481054,164638,316.3,376.5
Connecticut,2008,1034480989,77088,316.3,376.5
Delaware,2008,241714400,31619,316.3,376.5
Florida,2008,3988566231,540784,316.3,376.5
Georgia,2008,2959753896,310759,316.3,376.5
Hawaii,2008,554292000,35469,316.3,376.5
Idaho,2008,410595600,43968,316.3,376.5
Illinois,2008,3087877559,358679,316.3,376.5
Indiana,2008,1525216628,229250.65,316.3,376.5
Iowa,2008,873724167,115011,316.3,376.5
Kansas,2008,825697884,127940,316.3,376.5
Kentucky,2008,1320540000,142382,316.3,376.5
Louisiana,2008,1598519738,165154.66,316.3,376.5
Maine,2008,271117262,35533,316.3,376.5
Maryland,2008,1555048366,207255,316.3,376.5
Massachusetts,2008,1347344567,148288,316.3,376.5
Michigan,2008,2033709000,395019,316.3,376.5
Minnesota,2008,1560644000,196014,316.3,376.5
Mississippi,2008,1045937317,117532,316.3,376.5
Missouri,2008,1021705137,164160,316.3,376.5
Montana,2008,196547880,35556,316.3,376.5
Nebraska,2008,635032800,75451,316.3,376.5
Nevada,2008,620032581,63324,316.3,376.5
New Hampshire,2008,133093000,32982,316.3,376.5
New Jersey,2008,2044508000,238040,316.3,376.5
New Mexico,2008,1016380902,85203,316.3,376.5
New York,2008,4853312900,526538,316.3,376.5
North Carolina,2008,3837233489,357601,316.3,376.5
North Dakota,2008,253901000,34955,316.3,376.5
Ohio,2008,2288294736,375931.84,316.3,376.5
Oklahoma,2008,1098881179,131191,316.3,376.5
Oregon,2008,725761919,129626.14,316.3,376.5
Pennsylvania,2008,2193274000,343043,316.3,376.5
Rhode Island,2008,191329662,30120,316.3,376.5
South Carolina,2008,1211068342,149541.24,316.3,376.5
South Dakota,2008,198949272,29595.09,316.3,376.5
Tennessee,2008,1639461400,173706,316.3,376.5
Texas,2008,6347752622,804918,316.3,376.5
Utah,2008,812337500,103320,316.3,376.5
Vermont,2008,90801445,19875,316.3,376.5
Virginia,2008,1885553314,281940,316.3,376.5
Washington,2008,1768291000,221264,316.3,376.5
West Virginia,2008,566498528,73525,316.3,376.5
Wisconsin,2008,1242536879,219006,316.3,376.5
Wyoming,2008,290507515,23054,316.3,376.5
U.S.,2008,80234016556,10218586.72,316.3,376.5
Alabama,2007,1685067489,182504,304.6,376.5
Alaska,2007,288123439,18665.76,304.6,376.5
Arizona,2007,1196750400,229558,304.6,376.5
Arkansas,2007,796303595,103369,304.6,376.5
California,2007,11036612000,1434993,304.6,376.5
Colorado,2007,689786249,157382,304.6,376.5
Connecticut,2007,923951455,74951,304.6,376.5
Delaware,2007,233226000,31269,304.6,376.5
Florida,2007,3971019378,518086,304.6,376.5
Georgia,2007,2774268032,297755,304.6,376.5
Hawaii,2007,503627000,35010,304.6,376.5
Idaho,2007,375281600,43378,304.6,376.5
Illinois,2007,2848129600,357931,304.6,376.5
Indiana,2007,1456514140,223483.33,304.6,376.5
Iowa,2007,804448696,112934,304.6,376.5
Kansas,2007,788720641,127245,304.6,376.5
Kentucky,2007,1253992000,140621,304.6,376.5
Louisiana,2007,1459847337,166671,304.6,376.5
Maine,2007,256024310,35514,304.6,376.5
Maryland,2007,1450214753,197966,304.6,376.5
Massachusetts,2007,1256792868,143565,304.6,376.5
Michigan,2007,2035388000,384455,304.6,376.5
Minnesota,2007,1400500000,191456,304.6,376.5
Mississippi,2007,879465904,115739,304.6,376.5
Missouri,2007,978771911,163354,304.6,376.5
Montana,2007,171368691,35293,304.6,376.5
Nebraska,2007,604025649,73940,304.6,376.5
Nevada,2007,593775719,61323,304.6,376.5
New Hampshire,2007,123966000,32092,304.6,376.5
New Jersey,2007,1973721000,229968,304.6,376.5
New Mexico,2007,954683100,83224,304.6,376.5
New York,2007,4568118300,508909,304.6,376.5
North Carolina,2007,3466352712,344056,304.6,376.5
North Dakota,2007,215719000,33905,304.6,376.5
Ohio,2007,2208183856,366629.34,304.6,376.5
Oklahoma,2007,1033365199,132093,304.6,376.5
Oregon,2007,640983571,125113.45,304.6,376.5
Pennsylvania,2007,2153998000,337425,304.6,376.5
Rhode Island,2007,196360781,28926,304.6,376.5
South Carolina,2007,1127265244,145858.54,304.6,376.5
South Dakota,2007,178777732,29231,304.6,376.5
Tennessee,2007,1505273700,171845,304.6,376.5
Texas,2007,5709136834,794211,304.6,376.5
Utah,2007,718208600,102372,304.6,376.5
Vermont,2007,85923033,19381,304.6,376.5
Virginia,2007,1854731000,273039,304.6,376.5
Washington,2007,1631059000,214847,304.6,376.5
West Virginia,2007,455444801,72679,304.6,376.5
Wisconsin,2007,1170359461,215098,304.6,376.5
Wyoming,2007,276929650,22569,304.6,376.5
U.S.,2007,74960557430,9941882.42,304.6,376.5
Alabama,2006,1407875152,180985,296.2,376.5
Alaska,2006,253089613,18794.51,296.2,376.5
Arizona,2006,1073220600,227283,296.2,376.5
Arkansas,2006,752020512,101344,296.2,376.5
California,2006,10115495000,1373351,296.2,376.5
Colorado,2006,635454358,158876,296.2,376.5
Connecticut,2006,831729276,73608,296.2,376.5
Delaware,2006,216419000,31269,296.2,376.5
Florida,2006,3843695214,507927,296.2,376.5
Georgia,2006,2637670133,292655,296.2,376.5
Hawaii,2006,461171000,35337,296.2,376.5
Idaho,2006,363077200,44504,296.2,376.5
Illinois,2006,2640436585,356491,296.2,376.5
Indiana,2006,1429113393,219944.06,296.2,376.5
Iowa,2006,779847282,112341,296.2,376.5
Kansas,2006,773953552,127645,296.2,376.5
Kentucky,2006,1207616000,140769,296.2,376.5
Louisiana,2006,1285481337,166536,296.2,376.5
Maine,2006,244070644,35235,296.2,376.5
Maryland,2006,1272254989,192614,296.2,376.5
Massachusetts,2006,1147151288,139874,296.2,376.5
Michigan,2006,2012271300,378034,296.2,376.5
Minnesota,2006,1365500000,189009,296.2,376.5
Mississippi,2006,772365105,117731,296.2,376.5
Missouri,2006,926756453,160918,296.2,376.5
Montana,2006,172767000,35429,296.2,376.5
Nebraska,2006,564842378,72622,296.2,376.5
Nevada,2006,555541162,60948,296.2,376.5
New Hampshire,2006,117172000,31720,296.2,376.5
New Jersey,2006,2029443000,228080,296.2,376.5
New Mexico,2006,837112827,79645,296.2,376.5
New York,2006,4148095000,500182,296.2,376.5
North Carolina,2006,3062511308,338644,296.2,376.5
North Dakota,2006,215031000,34302,296.2,376.5
Ohio,2006,2142242026,363598,296.2,376.5
Oklahoma,2006,890540061,134940,296.2,376.5
Oregon,2006,621273625,126443.34,296.2,376.5
Pennsylvania,2006,2047114000,327235,296.2,376.5
Rhode Island,2006,192854763,28092,296.2,376.5
South Carolina,2006,1050223497,144400.88,296.2,376.5
South Dakota,2006,165577963,29254,296.2,376.5
Tennessee,2006,1371036300,169041.92,296.2,376.5
Texas,2006,5700130286,820788,296.2,376.5
Utah,2006,690228000,104350,296.2,376.5
Vermont,2006,82067786,18868,296.2,376.5
Virginia,2006,1594605000,265615,296.2,376.5
Washington,2006,1536329000,213055,296.2,376.5
West Virginia,2006,416660839,71717,296.2,376.5
Wisconsin,2006,1111470921,214065,296.2,376.5
Wyoming,2006,251244326,22483,296.2,376.5
U.S.,2006,70013849054,9818592.71,296.2,376.5
Alabama,2005,1214819772,180517,286.9,376.5
Alaska,2005,232956428,18719.59,286.9,376.5
Arizona,2005,987367600,218212,286.9,376.5
Arkansas,2005,655270998,99231,286.9,376.5
California,2005,9140927000,1433492,286.9,376.5
Colorado,2005,597921311,162711,286.9,376.5
Connecticut,2005,787966647,72278,286.9,376.5
Delaware,2005,203478000,30541,286.9,376.5
Florida,2005,3616495340,504657,286.9,376.5
Georgia,2005,2466928208,295356,286.9,376.5
Hawaii,2005,409727000,35733,286.9,376.5
Idaho,2005,350879700,45024,286.9,376.5
Illinois,2005,2685920700,356797.6,286.9,376.5
Indiana,2005,1417478385,220359.19,286.9,376.5
Iowa,2005,743121766,117737,286.9,376.5
Kansas,2005,727534311,111948,286.9,376.5
Kentucky,2005,1076740400,140579,286.9,376.5
Louisiana,2005,1287848788,183409,286.9,376.5
Maine,2005,241255620,35167,286.9,376.5
Maryland,2005,1185321898,196626,286.9,376.5
Massachusetts,2005,1037527876,137677,286.9,376.5
Michigan,2005,1947744600,371950,286.9,376.5
Minnesota,2005,1273328000,190087,286.9,376.5
Mississippi,2005,761417563,118060,286.9,376.5
Missouri,2005,925045604,158958,286.9,376.5
Montana,2005,152582000,35259,286.9,376.5
Nebraska,2005,519741659,71932,286.9,376.5
Nevada,2005,502023883,59746,286.9,376.5
New Hampshire,2005,115367000,30885,286.9,376.5
New Jersey,2005,1890323000,226969,286.9,376.5
New Mexico,2005,762379374,79219,286.9,376.5
New York,2005,3797477500,497971,286.9,376.5
North Carolina,2005,2780767364,339034,286.9,376.5
North Dakota,2005,201545000,34629,286.9,376.5
Ohio,2005,2102153594,381073,286.9,376.5
Oklahoma,2005,787076396,136424,286.9,376.5
Oregon,2005,585749933,127059,286.9,376.5
Pennsylvania,2005,2015637000,326675,286.9,376.5
Rhode Island,2005,188033394,28117,286.9,376.5
South Carolina,2005,976616957,142566.9,286.9,376.5
South Dakota,2005,162783467,28523,286.9,376.5
Tennessee,2005,1328874600,170084,286.9,376.5
Texas,2005,5110262835,812696,286.9,376.5
Utah,2005,646914100,107703,286.9,376.5
Vermont,2005,78008810,18059,286.9,376.5
Virginia,2005,1480522000,260813,286.9,376.5
Washington,2005,1411664000,213801,286.9,376.5
West Virginia,2005,426408695,70786,286.9,376.5
Wisconsin,2005,1121729480,212752,286.9,376.5
Wyoming,2005,217638250,22426,286.9,376.5
U.S.,2005,65337303806,9871028.28,286.9,376.5
Alabama,2004,1167536776,183167,277.5,376.5
Alaska,2004,217143250,18802.13,277.5,376.5
Arizona,2004,922181672,212980,277.5,376.5
Arkansas,2004,661092428,96292,277.5,376.5
California,2004,8715427000,1401271,277.5,376.5
Colorado,2004,578429500,161181,277.5,376.5
Connecticut,2004,747737016,70030,277.5,376.5
Delaware,2004,191289000,29546,277.5,376.5
Florida,2004,3302220098,499972,277.5,376.5
Georgia,2004,2355578070,289382,277.5,376.5
Hawaii,2004,398836000,35441,277.5,376.5
Idaho,2004,339515800,45184,277.5,376.5
Illinois,2004,2682059000,356961.26,277.5,376.5
Indiana,2004,1360311954,219021.42,277.5,376.5
Iowa,2004,737622332,117664,277.5,376.5
Kansas,2004,685831995,110243,277.5,376.5
Kentucky,2004,1108687600,140056,277.5,376.5
Louisiana,2004,1245307618,183276,277.5,376.5
Maine,2004,231511927,34516,277.5,376.5
Maryland,2004,1149052302,165502,277.5,376.5
Massachusetts,2004,914864013,137279,277.5,376.5
Michigan,2004,1984292700,368600,277.5,376.5
Minnesota,2004,1286064000,189848,277.5,376.5
Mississippi,2004,766999520,115613,277.5,376.5
Missouri,2004,905182688,167742,277.5,376.5
Montana,2004,150576424,35785,277.5,376.5
Nebraska,2004,509188758,71310,277.5,376.5
Nevada,2004,479847698,57219,277.5,376.5
New Hampshire,2004,112446000,30495,277.5,376.5
New Jersey,2004,1740829000,201756,277.5,376.5
New Mexico,2004,710466500,79634,277.5,376.5
New York,2004,3312893800,489692,277.5,376.5
North Carolina,2004,2474773000,315159,277.5,376.5
North Dakota,2004,200430000,35322,277.5,376.5
Ohio,2004,2071649135,360835,277.5,376.5
Oklahoma,2004,765570476,133393,277.5,376.5
Oregon,2004,588544493,126970.09,277.5,376.5
Pennsylvania,2004,1946617000,322665,277.5,376.5
Rhode Island,2004,183664198,27815,277.5,376.5
South Carolina,2004,925611695,143071.08,277.5,376.5
South Dakota,2004,153592900,28154,277.5,376.5
Tennessee,2004,1089739600,169612.58,277.5,376.5
Texas,2004,5190201119,799142,277.5,376.5
Utah,2004,614439000,108636,277.5,376.5
Vermont,2004,77222258,17429,277.5,376.5
Virginia,2004,1346281000,257534,277.5,376.5
Washington,2004,1360709000,220041,277.5,376.5
West Virginia,2004,405472640,69466,277.5,376.5
Wisconsin,2004,1124646475,212880,277.5,376.5
Wyoming,2004,200615570,22225,277.5,376.5
U.S.,2004,62390801998,9685810.56,277.5,376.5
Alabama,2003,1162194091,180654,270.2,376.5
Alaska,2003,212658887,17974.33,270.2,376.5
Arizona,2003,915348696,205553,270.2,376.5
Arkansas,2003,616911000,92508,270.2,376.5
California,2003,9479429000,1413927,270.2,376.5
Colorado,2003,602438921,156258,270.2,376.5
Connecticut,2003,754342243,68062,270.2,376.5
Delaware,2003,182065000,31028,270.2,376.5
Florida,2003,3235350981,476654,270.2,376.5
Georgia,2003,2320306567,283391,270.2,376.5
Hawaii,2003,369649000,34420,270.2,376.5
Idaho,2003,336641700,43104,270.2,376.5
Illinois,2003,2716756400,348182,270.2,376.5
Indiana,2003,1315842145,213728.36,270.2,376.5
Iowa,2003,769854449,115060,270.2,376.5
Kansas,2003,679829546,109045,270.2,376.5
Kentucky,2003,1068765000,141005,270.2,376.5
Louisiana,2003,1196304128,177275,270.2,376.5
Maine,2003,234088660,32736,270.2,376.5
Maryland,2003,1216838045,168261,270.2,376.5
Massachusetts,2003,1031934445,137045,270.2,376.5
Michigan,2003,2151247000,352290,270.2,376.5
Minnesota,2003,1323393000,185452,270.2,376.5
Mississippi,2003,735733000,111650,270.2,376.5
Missouri,2003,890581375,166014,270.2,376.5
Montana,2003,146034002,34975,270.2,376.5
Nebraska,2003,533314436,68672,270.2,376.5
Nevada,2003,356852563,54037,270.2,376.5
New Hampshire,2003,106872000,28068,270.2,376.5
New Jersey,2003,1718784000,194846,270.2,376.5
New Mexico,2003,649027000,75847,270.2,376.5
New York,2003,3495059500,483616,270.2,376.5
North Carolina,2003,2449659000,302159,270.2,376.5
North Dakota,2003,203801000,34667,270.2,376.5
Ohio,2003,2064474127,352538,270.2,376.5
Oklahoma,2003,838136140,128005,270.2,376.5
Oregon,2003,635486463,125808.2,270.2,376.5
Pennsylvania,2003,1998020000,315591,270.2,376.5
Rhode Island,2003,175992129,26887,270.2,376.5
South Carolina,2003,1051554033,137266.96,270.2,376.5
South Dakota,2003,149665555,28232,270.2,376.5
Tennessee,2003,1106888100,167634.39,270.2,376.5
Texas,2003,4988201973,766342,270.2,376.5
Utah,2003,614007000,108386,270.2,376.5
Vermont,2003,75125186,16843,270.2,376.5
Virginia,2003,1427177000,254694,270.2,376.5
Washington,2003,1375255000,220677,270.2,376.5
West Virginia,2003,434393834,67374,270.2,376.5
Wisconsin,2003,1211788000,209599,270.2,376.5
Wyoming,2003,193065410,21774,270.2,376.5
U.S.,2003,63517136730,9485815.24,270.2,376.5
Alabama,2002,1115999450,173687,264.2,376.5
Alaska,2002,202852867,16706.09,264.2,376.5
Arizona,2002,937587200,192181,264.2,376.5
Arkansas,2002,635740600,92722,264.2,376.5
California,2002,9598075000,1309404,264.2,376.5
Colorado,2002,729515743,147724,264.2,376.5
Connecticut,2002,753334534,64183,264.2,376.5
Delaware,2002,185400000,26775,264.2,376.5
Florida,2002,3061544636,442010,264.2,376.5
Georgia,2002,2307745233,259566,264.2,376.5
Hawaii,2002,349231000,33063,264.2,376.5
Idaho,2002,362302500,41593,264.2,376.5
Illinois,2002,2904184000,335188,264.2,376.5
Indiana,2002,1198057683,204001.54,264.2,376.5
Iowa,2002,786639971,110834,264.2,376.5
Kansas,2002,712131059,104341,264.2,376.5
Kentucky,2002,1084606000,131313,264.2,376.5
Louisiana,2002,1140954119,172092,264.2,376.5
Maine,2002,236611726,30560,264.2,376.5
Maryland,2002,1313666516,174136,264.2,376.5
Massachusetts,2002,1069051324,123602,264.2,376.5
Michigan,2002,2273500000,350261,264.2,376.5
Minnesota,2002,1397800000,176545,264.2,376.5
Mississippi,2002,733301000,107110,264.2,376.5
Missouri,2002,877690838,163408,264.2,376.5
Montana,2002,149837689,34333,264.2,376.5
Nebraska,2002,512800000,67683,264.2,376.5
Nevada,2002,347166181,49953,264.2,376.5
New Hampshire,2002,103347000,27455,264.2,376.5
New Jersey,2002,1751643000,188839,264.2,376.5
New Mexico,2002,514547400,68579,264.2,376.5
New York,2002,3360121500,466866,264.2,376.5
North Carolina,2002,2442690000,288997,264.2,376.5
North Dakota,2002,201497115,33249,264.2,376.5
Ohio,2002,2075801500,353571,264.2,376.5
Oklahoma,2002,824243012,128530,264.2,376.5
Oregon,2002,638882440,120210.42,264.2,376.5
Pennsylvania,2002,2011695000,293742,264.2,376.5
Rhode Island,2002,180551055,26677,264.2,376.5
South Carolina,2002,817379042,136299.69,264.2,376.5
South Dakota,2002,143331961,22573,264.2,376.5
Tennessee,2002,1071510500,160822,264.2,376.5
Texas,2002,5295546843,704310,264.2,376.5
Utah,2002,593641100,98654,264.2,376.5
Vermont,2002,71128603,16379,264.2,376.5
Virginia,2002,1681646000,246637,264.2,376.5
Washington,2002,1349300000,213147,264.2,376.5
West Virginia,2002,437204731,64799,264.2,376.5
Wisconsin,2002,1194900000,204123,264.2,376.5
Wyoming,2002,163429717,20874,264.2,376.5
U.S.,2002,63901364388,9020307.74,264.2,376.5
Alabama,2001,1088445747,165833,260.1,376.5
Alaska,2001,192093900,16078.69,260.1,376.5
Arizona,2001,898589000,185330,260.1,376.5
Arkansas,2001,618127000,87337,260.1,376.5
California,2001,9073738000,1277325,260.1,376.5
Colorado,2001,713595941,141492,260.1,376.5
Connecticut,2001,705795742,60976,260.1,376.5
Delaware,2001,184700000,28944,260.1,376.5
Florida,2001,3124964661,420957,260.1,376.5
Georgia,2001,2293670519,234998,260.1,376.5
Hawaii,2001,339025000,31810,260.1,376.5
Idaho,2001,323623500,39495,260.1,376.5
Illinois,2001,2719733400,323876,260.1,376.5
Indiana,2001,1283197000,193129.82,260.1,376.5
Iowa,2001,851184070,105545,260.1,376.5
Kansas,2001,683084000,100476,260.1,376.5
Kentucky,2001,1001625000,119500,260.1,376.5
Louisiana,2001,1007996023,168121,260.1,376.5
Maine,2001,226587350,29287,260.1,376.5
Maryland,2001,1293800966,175085,260.1,376.5
Massachusetts,2001,1131804500,119717,260.1,376.5
Michigan,2001,2231600000,333584,260.1,376.5
Minnesota,2001,1315100000,167238,260.1,376.5
Mississippi,2001,791445655,102490,260.1,376.5
Missouri,2001,1007745089,156588,260.1,376.5
Montana,2001,141721881,33660,260.1,376.5
Nebraska,2001,489500000,65725,260.1,376.5
Nevada,2001,316589859,48107,260.1,376.5
New Hampshire,2001,107600000,26506,260.1,376.5
New Jersey,2001,1664194000,178671,260.1,376.5
New Mexico,2001,473132550,66847,260.1,376.5
New York,2001,3245511305,451855,260.1,376.5
North Carolina,2001,2398489000,268589,260.1,376.5
North Dakota,2001,185659323,31922,260.1,376.5
Ohio,2001,2172147806,337379,260.1,376.5
Oklahoma,2001,837480903,121111,260.1,376.5
Oregon,2001,656966255,111006.34,260.1,376.5
Pennsylvania,2001,2005365000,288334,260.1,376.5
Rhode Island,2001,169006383,25622,260.1,376.5
South Carolina,2001,863809806,132404.25,260.1,376.5
South Dakota,2001,136041582,22064,260.1,376.5
Tennessee,2001,1045546400,159838,260.1,376.5
Texas,2001,4697588163,667534,260.1,376.5
Utah,2001,554027666,91953,260.1,376.5
Vermont,2001,66777192,15914,260.1,376.5
Virginia,2001,1629776000,236014,260.1,376.5
Washington,2001,1314500000,204663,260.1,376.5
West Virginia,2001,409438327,62902,260.1,376.5
Wisconsin,2001,1170100000,196523,260.1,376.5
Wyoming,2001,150332680,20198,260.1,376.5
U.S.,2001,62002574144,8650554.1,260.1,376.5
Alabama,2000,1100327594,166806,252.9,376.5
Alaska,2000,174974100,15968,252.9,376.5
Arizona,2000,868451000,180669,252.9,376.5
Arkansas,2000,606628341,86263,252.9,376.5
California,2000,7892428000,1433493,252.9,376.5
Colorado,2000,682822105,141727,252.9,376.5
Connecticut,2000,694849729,58885,252.9,376.5
Delaware,2000,174400000,28960,252.9,376.5
Florida,2000,2672393298,404417,252.9,376.5
Georgia,2000,1912728263,172909,252.9,376.5
Hawaii,2000,341986000,32484,252.9,376.5
Idaho,2000,291000000,38853,252.9,376.5
Illinois,2000,2573964000,324174,252.9,376.5
Indiana,2000,1226677000,187225,252.9,376.5
Iowa,2000,824062403,103390,252.9,376.5
Kansas,2000,650059000,99430,252.9,376.5
Kentucky,2000,925506000,113568,252.9,376.5
Louisiana,2000,986304352,170175,252.9,376.5
Maine,2000,206100000,28910,252.9,376.5
Maryland,2000,1048524466,167438,252.9,376.5
Massachusetts,2000,1009800000,118949,252.9,376.5
Michigan,2000,2084800000,327342,252.9,376.5
Minnesota,2000,1288500000,161383,252.9,376.5
Mississippi,2000,824275000,100634,252.9,376.5
Missouri,2000,990075463,154631,252.9,376.5
Montana,2000,138132534,33578,252.9,376.5
Nebraska,2000,467500000,64860,252.9,376.5
Nevada,2000,306211000,46809,252.9,376.5
New Hampshire,2000,100700000,28862,252.9,376.5
New Jersey,2000,1541663000,171563,252.9,376.5
New Mexico,2000,519722817,67277,252.9,376.5
New York,2000,3731719023,422431,252.9,376.5
North Carolina,2000,2270323000,259308,252.9,376.5
North Dakota,2000,184662551,30259,252.9,376.5
Ohio,2000,2054083636,332947,252.9,376.5
Oklahoma,2000,796311569,119115,252.9,376.5
Oregon,2000,508427182,105870,252.9,376.5
Pennsylvania,2000,1876807000,280594,252.9,376.5
Rhode Island,2000,152100000,25402,252.9,376.5
South Carolina,2000,803846644,128067,252.9,376.5
South Dakota,2000,131830956,22056,252.9,376.5
Tennessee,2000,984857800,160751,252.9,376.5
Texas,2000,4634512716,654039,252.9,376.5
Utah,2000,522519141,87640,252.9,376.5
Vermont,2000,62502852,15571,252.9,376.5
Virginia,2000,1480258000,233263,252.9,376.5
Washington,2000,1238035000,198984,252.9,376.5
West Virginia,2000,385729706,62959,252.9,376.5
Wisconsin,2000,1074000000,191528,252.9,376.5
Wyoming,2000,185850840,20419,252.9,376.5
U.S.,2000,58203943081,8582835,252.9,376.5
Alabama,1999,1042900000,172926,244.6,376.5
Alaska,1999,168900000,16214,244.6,376.5
Arizona,1999,795700000,176648,244.6,376.5
Arkansas,1999,548420925,80603,244.6,376.5
California,1999,7321200000,1194874,244.6,376.5
Colorado,1999,644800000,139730,244.6,376.5
Connecticut,1999,605000000,56661,244.6,376.5
Delaware,1999,167700000,29654,244.6,376.5
Florida,1999,2362400000,395610,244.6,376.5
Georgia,1999,1558400000,173871,244.6,376.5
Hawaii,1999,322258000,32625,244.6,376.5
Idaho,1999,278000000,37937,244.6,376.5
Illinois,1999,2180000000,342542,244.6,376.5
Indiana,1999,1102200000,183359,244.6,376.5
Iowa,1999,784986727,101566,244.6,376.5
Kansas,1999,594200000,105020,244.6,376.5
Kentucky,1999,880600000,114359,244.6,376.5
Louisiana,1999,952118625,169864,244.6,376.5
Maine,1999,192214809,27640,244.6,376.5
Maryland,1999,901500000,164225,244.6,376.5
Massachusetts,1999,922800000,117299,244.6,376.5
Michigan,1999,1802000000,325134,244.6,376.5
Minnesota,1999,1267900000,154175,244.6,376.5
Mississippi,1999,716326000,103507,244.6,376.5
Missouri,1999,891200000,151121,244.6,376.5
Montana,1999,130500000,33545,244.6,376.5
Nebraska,1999,442000000,64583,244.6,376.5
Nevada,1999,290629329,44199,244.6,376.5
New Hampshire,1999,92000000,27018,244.6,376.5
New Jersey,1999,1454112000,169192,244.6,376.5
New Mexico,1999,508700000,72092,244.6,376.5
New York,1999,4117605970,444092,244.6,376.5
North Carolina,1999,2073000000,254045,244.6,376.5
North Dakota,1999,175400000,29673,244.6,376.5
Ohio,1999,1932087500,328875,244.6,376.5
Oklahoma,1999,770600000,120495,244.6,376.5
Oregon,1999,510100000,103875,244.6,376.5
Pennsylvania,1999,1591700000,280175,244.6,376.5
Rhode Island,1999,138100000,24785,244.6,376.5
South Carolina,1999,754700000,130936,244.6,376.5
South Dakota,1999,114100000,20476,244.6,376.5
Tennessee,1999,956700000,159909,244.6,376.5
Texas,1999,3961800000,644760,244.6,376.5
Utah,1999,488600000,85196,244.6,376.5
Vermont,1999,45469161,16049,244.6,376.5
Virginia,1999,1296078000,229909,244.6,376.5
Washington,1999,1128300000,199809,244.6,376.5
West Virginia,1999,329700000,62337,244.6,376.5
Wisconsin,1999,1032600000,188790,244.6,376.5
Wyoming,1999,177835396,23548,244.6,376.5
U.S.,1999,53516142442,8325527,244.6,376.5
Alabama,1998,979000000,180335,239.5,376.5
Alaska,1998,167500000,16840,239.5,376.5
Arizona,1998,738000000,170930,239.5,376.5
Arkansas,1998,510000000,78940,239.5,376.5
California,1998,7171900000,1157374,239.5,376.5
Colorado,1998,617600000,137682,239.5,376.5
Connecticut,1998,565600000,55727,239.5,376.5
Delaware,1998,146900000,27401,239.5,376.5
Florida,1998,2268300000,403535,239.5,376.5
Georgia,1998,1754700000,222203,239.5,376.5
Hawaii,1998,351630000,29993,239.5,376.5
Idaho,1998,247600000,37252,239.5,376.5
Illinois,1998,2037200000,341197,239.5,376.5
Indiana,1998,1044900000,178920,239.5,376.5
Iowa,1998,704687593,96706,239.5,376.5
Kansas,1998,560600000,100435,239.5,376.5
Kentucky,1998,760000000,113583,239.5,376.5
Louisiana,1998,726000000,137610,239.5,376.5
Maine,1998,179655182,26913,239.5,376.5
Maryland,1998,839600000,161140,239.5,376.5
Massachusetts,1998,858800000,114154,239.5,376.5
Michigan,1998,1749000000,320533,239.5,376.5
Minnesota,1998,1166600000,156973,239.5,376.5
Mississippi,1998,659002000,99503,239.5,376.5
Missouri,1998,816300000,148155,239.5,376.5
Montana,1998,127000000,33431,239.5,376.5
Nebraska,1998,415400000,64441,239.5,376.5
Nevada,1998,292527450,42013,239.5,376.5
New Hampshire,1998,89000000,27027,239.5,376.5
New Jersey,1998,1386422000,166289,239.5,376.5
New Mexico,1998,416600000,67591,239.5,376.5
New York,1998,2393800000,436396,239.5,376.5
North Carolina,1998,1948600000,241175,239.5,376.5
North Dakota,1998,174000000,29759,239.5,376.5
Ohio,1998,1862592400,322011,239.5,376.5
Oklahoma,1998,739000000,118153,239.5,376.5
Oregon,1998,491500000,102238,239.5,376.5
Pennsylvania,1998,1474500000,277287,239.5,376.5
Rhode Island,1998,129200000,24730,239.5,376.5
South Carolina,1998,722300000,127873,239.5,376.5
South Dakota,1998,108500000,20564,239.5,376.5
Tennessee,1998,896300000,158340,239.5,376.5
Texas,1998,3982800000,631994,239.5,376.5
Utah,1998,470800000,84598,239.5,376.5
Vermont,1998,43543544,15324,239.5,376.5
Virginia,1998,1100500000,223817,239.5,376.5
Washington,1998,1093900000,195074,239.5,376.5
West Virginia,1998,316400000,62026,239.5,376.5
Wisconsin,1998,993800000,184019,239.5,376.5
Wyoming,1998,183533312,21077,239.5,376.5
U.S.,1998,49473593481,8191281,239.5,376.5
Alabama,1997,969000000,180996,236.3,376.5
Alaska,1997,170300000,17216,236.3,376.5
Arizona,1997,694000000,164930,236.3,376.5
Arkansas,1997,482000000,75019,236.3,376.5
California,1997,5934700000,1143849,236.3,376.5
Colorado,1997,585000000,136086,236.3,376.5
Connecticut,1997,528800000,56659,236.3,376.5
Delaware,1997,158300000,27225,236.3,376.5
Florida,1997,2109700000,402441,236.3,376.5
Georgia,1997,1644300000,217236,236.3,376.5
Hawaii,1997,351127000,30633,236.3,376.5
Idaho,1997,240800000,37183,236.3,376.5
Illinois,1997,1918400000,338802,236.3,376.5
Indiana,1997,990600000,174731,236.3,376.5
Iowa,1997,670600000,95023,236.3,376.5
Kansas,1997,525500000,100292,236.3,376.5
Kentucky,1997,699500000,114390,236.3,376.5
Louisiana,1997,645900000,136135,236.3,376.5
Maine,1997,175200000,27154,236.3,376.5
Maryland,1997,807100000,157929,236.3,376.5
Massachusetts,1997,799200000,114327,236.3,376.5
Michigan,1997,1696500000,311327,236.3,376.5
Minnesota,1997,1079600000,156851,236.3,376.5
Mississippi,1997,603400000,96350,236.3,376.5
Missouri,1997,749200000,146221,236.3,376.5
Montana,1997,125700000,33105,236.3,376.5
Nebraska,1997,401800000,64423,236.3,376.5
Nevada,1997,237600000,39601,236.3,376.5
New Hampshire,1997,89000000,27863,236.3,376.5
New Jersey,1997,1348217000,164684,236.3,376.5
New Mexico,1997,418200000,62808,236.3,376.5
New York,1997,2350000000,425953,236.3,376.5
North Carolina,1997,1788100000,239115,236.3,376.5
North Dakota,1997,154300000,30917,236.3,376.5
Ohio,1997,1770184400,322933,236.3,376.5
Oklahoma,1997,731000000,117625,236.3,376.5
Oregon,1997,477000000,99039,236.3,376.5
Pennsylvania,1997,1407500000,272803,236.3,376.5
Rhode Island,1997,123700000,24774,236.3,376.5
South Carolina,1997,687900000,125382,236.3,376.5
South Dakota,1997,108800000,21375,236.3,376.5
Tennessee,1997,902000000,155466,236.3,376.5
Texas,1997,3664000000,628214,236.3,376.5
Utah,1997,463100000,81318,236.3,376.5
Vermont,1997,53700000,14982,236.3,376.5
Virginia,1997,1023600000,217672,236.3,376.5
Washington,1997,1063200000,194795,236.3,376.5
West Virginia,1997,302500000,60822,236.3,376.5
Wisconsin,1997,958900000,179636,236.3,376.5
Wyoming,1997,195517223,21007,236.3,376.5
U.S.,1997,46074245623,8085317,236.3,376.5
Alabama,1996,939600000,177408,231.3,376.5
Alaska,1996,171600000,17434,231.3,376.5
Arizona,1996,657900000,164271,231.3,376.5
Arkansas,1996,458500000,76158,231.3,376.5
California,1996,5344600000,1103616,231.3,376.5
Colorado,1996,549200000,135335,231.3,376.5
Connecticut,1996,514400000,57568,231.3,376.5
Delaware,1996,136500000,26829,231.3,376.5
Florida,1996,1930000000,406122,231.3,376.5
Georgia,1996,1439200000,212767,231.3,376.5
Hawaii,1996,313800000,32708,231.3,376.5
Idaho,1996,240700000,36694,231.3,376.5
Illinois,1996,1825100000,355906,231.3,376.5
Indiana,1996,939500000,172362,231.3,376.5
Iowa,1996,643700000,100434,231.3,376.5
Kansas,1996,518900000,105827,231.3,376.5
Kentucky,1996,649800000,115839,231.3,376.5
Louisiana,1996,593900000,136188,231.3,376.5
Maine,1996,171900000,26834,231.3,376.5
Maryland,1996,779600000,151303,231.3,376.5
Massachusetts,1996,738300000,115252,231.3,376.5
Michigan,1996,1615000000,312658,231.3,376.5
Minnesota,1996,1006200000,161031,231.3,376.5
Mississippi,1996,595500000,101584,231.3,376.5
Missouri,1996,697900000,146566,231.3,376.5
Montana,1996,122600000,32370,231.3,376.5
Nebraska,1996,385300000,66490,231.3,376.5
Nevada,1996,224600000,36584,231.3,376.5
New Hampshire,1996,83000000,27863,231.3,376.5
New Jersey,1996,1352316000,165748,231.3,376.5
New Mexico,1996,465600000,70940,231.3,376.5
New York,1996,2352400000,431677,231.3,376.5
North Carolina,1996,1678200000,239319,231.3,376.5
North Dakota,1996,156500000,30721,231.3,376.5
Ohio,1996,1597700000,325169,231.3,376.5
Oklahoma,1996,651000000,111385,231.3,376.5
Oregon,1996,463300000,99726,231.3,376.5
Pennsylvania,1996,1404700000,278700,231.3,376.5
Rhode Island,1996,118000000,25117,231.3,376.5
South Carolina,1996,651300000,123261,231.3,376.5
South Dakota,1996,105500000,22101,231.3,376.5
Tennessee,1996,889000000,153375,231.3,376.5
Texas,1996,3709700000,619578,231.3,376.5
Utah,1996,424900000,81638,231.3,376.5
Vermont,1996,53600000,14933,231.3,376.5
Virginia,1996,938100000,216024,231.3,376.5
Washington,1996,984000000,192375,231.3,376.5
West Virginia,1996,291500000,60806,231.3,376.5
Wisconsin,1996,963500000,180920,231.3,376.5
Wyoming,1996,144300000,23685,231.3,376.5
U.S.,1996,43681916000,8079199,231.3,376.5
Alabama,1995,1013800000,179335,225.3,376.5
Alaska,1995,172600000,17934,225.3,376.5
Arizona,1995,626200000,160757,225.3,376.5
Arkansas,1995,424493666,74054,225.3,376.5
California,1995,4828900000,1073048,225.3,376.5
Colorado,1995,507000000,135279,225.3,376.5
Connecticut,1995,486200000,59311,225.3,376.5
Delaware,1995,124000000,26542,225.3,376.5
Florida,1995,1832700000,403791,225.3,376.5
Georgia,1995,1319300000,208154,225.3,376.5
Hawaii,1995,358400000,33378,225.3,376.5
Idaho,1995,235800000,36333,225.3,376.5
Illinois,1995,1747100000,358892,225.3,376.5
Indiana,1995,894500000,173069,225.3,376.5
Iowa,1995,611200000,93641,225.3,376.5
Kansas,1995,503600000,106334,225.3,376.5
Kentucky,1995,648300000,117386,225.3,376.5
Louisiana,1995,589600000,135884,225.3,376.5
Maine,1995,169000000,27433,225.3,376.5
Maryland,1995,753900000,151813,225.3,376.5
Massachusetts,1995,698400000,118622,225.3,376.5
Michigan,1995,1554900000,317572,225.3,376.5
Minnesota,1995,983800000,167537,225.3,376.5
Mississippi,1995,562600000,100786,225.3,376.5
Missouri,1995,648400000,146776,225.3,376.5
Montana,1995,123300000,32088,225.3,376.5
Nebraska,1995,368000000,67240,225.3,376.5
Nevada,1995,194900000,34903,225.3,376.5
New Hampshire,1995,85000000,28432,225.3,376.5
New Jersey,1995,1259452000,167778,225.3,376.5
New Mexico,1995,437400000,68571,225.3,376.5
New York,1995,2636700000,443289,225.3,376.5
North Carolina,1995,1657700000,239043,225.3,376.5
North Dakota,1995,148500000,30007,225.3,376.5
Ohio,1995,1499900000,330256,225.3,376.5
Oklahoma,1995,644700000,114477,225.3,376.5
Oregon,1995,469300000,95522,225.3,376.5
Pennsylvania,1995,1358600000,277229,225.3,376.5
Rhode Island,1995,115500000,25843,225.3,376.5
South Carolina,1995,635500000,126479,225.3,376.5
South Dakota,1995,98800000,22765,225.3,376.5
Tennessee,1995,881500000,152437,225.3,376.5
Texas,1995,3556200000,622408,225.3,376.5
Utah,1995,400400000,79778,225.3,376.5
Vermont,1995,52400000,14979,225.3,376.5
Virginia,1995,925800000,216673,225.3,376.5
Washington,1995,923800000,187135,225.3,376.5
West Virginia,1995,277800000,61519,225.3,376.5
Wisconsin,1995,970900000,181486,225.3,376.5
Wyoming,1995,139400000,21521,225.3,376.5
U.S.,1995,42156145666,8065519,225.3,376.5
Alabama,1994,881000000,182374,220,376.5
Alaska,1994,175100000,17962,220,376.5
Arizona,1994,581200000,158876,220,376.5
Arkansas,1994,412500000,75473,220,376.5
California,1994,4300200000,1069633,220,376.5
Colorado,1994,499200000,135947,220,376.5
Connecticut,1994,482300000,60914,220,376.5
Delaware,1994,120000000,26515,220,376.5
Florida,1994,1690300000,396520,220,376.5
Georgia,1994,1178800000,202591,220,376.5
Hawaii,1994,347200000,32969,220,376.5
Idaho,1994,210000000,35574,220,376.5
Illinois,1994,1663000000,368286,220,376.5
Indiana,1994,890300000,178048,220,376.5
Iowa,1994,594300000,94188,220,376.5
Kansas,1994,479300000,107521,220,376.5
Kentucky,1994,621500000,119818,220,376.5
Louisiana,1994,567600000,134990,220,376.5
Maine,1994,167000000,28212,220,376.5
Maryland,1994,714700000,152255,220,376.5
Massachusetts,1994,660800000,120049,220,376.5
Michigan,1994,1504600000,327690,220,376.5
Minnesota,1994,940100000,170649,220,376.5
Mississippi,1994,411200000,101068,220,376.5
Missouri,1994,602300000,149800,220,376.5
Montana,1994,117500000,29700,220,376.5
Nebraska,1994,357900000,68401,220,376.5
Nevada,1994,194200000,34672,220,376.5
New Hampshire,1994,80000000,28719,220,376.5
New Jersey,1994,1270965000,167375,220,376.5
New Mexico,1994,396000000,71081,220,376.5
New York,1994,2514900000,442730,220,376.5
North Carolina,1994,1555500000,239428,220,376.5
North Dakota,1994,151400000,30562,220,376.5
Ohio,1994,1405000000,337189,220,376.5
Oklahoma,1994,656100000,115463,220,376.5
Oregon,1994,439400000,97471,220,376.5
Pennsylvania,1994,1316200000,291148,220,376.5
Rhode Island,1994,109000000,26735,220,376.5
South Carolina,1994,609100000,126891,220,376.5
South Dakota,1994,99300000,22917,220,376.5
Tennessee,1994,812900000,155699,220,376.5
Texas,1994,3553100000,624173,220,376.5
Utah,1994,366500000,77828,220,376.5
Vermont,1994,51700000,15344,220,376.5
Virginia,1994,908200000,218808,220,376.5
Washington,1994,945000000,183858,220,376.5
West Virginia,1994,268100000,62316,220,376.5
Wisconsin,1994,928300000,185588,220,376.5
Wyoming,1994,135700000,21601,220,376.5
U.S.,1994,39936465000,8123619,220,376.5
Alabama,1993,814400000,180448,215.5,376.5
Alaska,1993,171000000,18033,215.5,376.5
Arizona,1993,577100000,158969,215.5,376.5
Arkansas,1993,406500000,74280,215.5,376.5
California,1993,4750800000,1104739,215.5,376.5
Colorado,1993,492900000,136715,215.5,376.5
Connecticut,1993,419600000,62658,215.5,376.5
Delaware,1993,120600000,26649,215.5,376.5
Florida,1993,1593200000,391434,215.5,376.5
Georgia,1993,1046200000,198630,215.5,376.5
Hawaii,1993,344000000,31917,215.5,376.5
Idaho,1993,200400000,35022,215.5,376.5
Illinois,1993,1597700000,380093,215.5,376.5
Indiana,1993,871000000,181094,215.5,376.5
Iowa,1993,570700000,89981,215.5,376.5
Kansas,1993,462500000,108476,215.5,376.5
Kentucky,1993,601000000,121414,215.5,376.5
Louisiana,1993,575700000,136554,215.5,376.5
Maine,1993,165300000,29722,215.5,376.5
Maryland,1993,722000000,154175,215.5,376.5
Massachusetts,1993,601500000,121045,215.5,376.5
Michigan,1993,1492200000,340379,215.5,376.5
Minnesota,1993,948600000,173835,215.5,376.5
Mississippi,1993,388100000,99058,215.5,376.5
Missouri,1993,589100000,155436,215.5,376.5
Montana,1993,123200000,29310,215.5,376.5
Nebraska,1993,353800000,69631,215.5,376.5
Nevada,1993,207600000,35131,215.5,376.5
New Hampshire,1993,74000000,28432,215.5,376.5
New Jersey,1993,1183719000,170534,215.5,376.5
New Mexico,1993,367600000,68746,215.5,376.5
New York,1993,2382800000,440713,215.5,376.5
North Carolina,1993,1484700000,240045,215.5,376.5
North Dakota,1993,154700000,31470,215.5,376.5
Ohio,1993,1311600000,342439,215.5,376.5
Oklahoma,1993,668700000,114122,215.5,376.5
Oregon,1993,465200000,102662,215.5,376.5
Pennsylvania,1993,1272500000,299061,215.5,376.5
Rhode Island,1993,104800000,28351,215.5,376.5
South Carolina,1993,600700000,118794,215.5,376.5
South Dakota,1993,73500000,21890,215.5,376.5
Tennessee,1993,747700000,155648,215.5,376.5
Texas,1993,3246300000,625718,215.5,376.5
Utah,1993,350900000,75569,215.5,376.5
Vermont,1993,52900000,15595,215.5,376.5
Virginia,1993,895600000,220795,215.5,376.5
Washington,1993,956200000,174851,215.5,376.5
West Virginia,1993,250200000,63777,215.5,376.5
Wisconsin,1993,895600000,186552,215.5,376.5
Wyoming,1993,135900000,22005,215.5,376.5
U.S.,1993,38882519000,8192597,215.5,376.5
Alabama,1992,809300000,173946,210.2,376.5
Alaska,1992,172700000,17611,210.2,376.5
Arizona,1992,568100000,159040,210.2,376.5
Arkansas,1992,380100000,72268,210.2,376.5
California,1992,5425400000,1116255,210.2,376.5
Colorado,1992,465800000,134262,210.2,376.5
Connecticut,1992,487300000,62853,210.2,376.5
Delaware,1992,119000000,25847,210.2,376.5
Florida,1992,1604100000,386611,210.2,376.5
Georgia,1992,977600000,193170,210.2,376.5
Hawaii,1992,317900000,30796,210.2,376.5
Idaho,1992,196500000,33259,210.2,376.5
Illinois,1992,1582100000,383363,210.2,376.5
Indiana,1992,877000000,177364,210.2,376.5
Iowa,1992,529400000,90078,210.2,376.5
Kansas,1992,446100000,107093,210.2,376.5
Kentucky,1992,634000000,129791,210.2,376.5
Louisiana,1992,587300000,132910,210.2,376.5
Maine,1992,165500000,29979,210.2,376.5
Maryland,1992,686500000,155929,210.2,376.5
Massachusetts,1992,521400000,118885,210.2,376.5
Michigan,1992,1479100000,340230,210.2,376.5
Minnesota,1992,941800000,175191,210.2,376.5
Mississippi,1992,362900000,96515,210.2,376.5
Missouri,1992,557600000,150971,210.2,376.5
Montana,1992,130200000,28666,210.2,376.5
Nebraska,1992,339400000,68032,210.2,376.5
Nevada,1992,191800000,33544,210.2,376.5
New Hampshire,1992,75200000,27612,210.2,376.5
New Jersey,1992,1140332000,170066,210.2,376.5
New Mexico,1992,352400000,66788,210.2,376.5
New York,1992,2381500000,435353,210.2,376.5
North Carolina,1992,1340000000,235194,210.2,376.5
North Dakota,1992,156400000,31157,210.2,376.5
Ohio,1992,1356000000,341131,210.2,376.5
Oklahoma,1992,648300000,108110,210.2,376.5
Oregon,1992,435000000,102327,210.2,376.5
Pennsylvania,1992,1287700000,295895,210.2,376.5
Rhode Island,1992,103000000,28450,210.2,376.5
South Carolina,1992,589700000,111964,210.2,376.5
South Dakota,1992,89400000,20952,210.2,376.5
Tennessee,1992,666300000,152824,210.2,376.5
Texas,1992,3278000000,618889,210.2,376.5
Utah,1992,327700000,71674,210.2,376.5
Vermont,1992,54500000,15780,210.2,376.5
Virginia,1992,922800000,220348,210.2,376.5
Washington,1992,870700000,159388,210.2,376.5
West Virginia,1992,250500000,63284,210.2,376.5
Wisconsin,1992,856900000,188268,210.2,376.5
Wyoming,1992,136900000,22644,210.2,376.5
U.S.,1992,38875132000,8112557,210.2,376.5
Alabama,1991,805100000,170454,205.1,376.5
Alaska,1991,170400000,17058,205.1,376.5
Arizona,1991,566800000,154864,205.1,376.5
Arkansas,1991,331400000,64911,205.1,376.5
California,1991,5792500000,1107711,205.1,376.5
Colorado,1991,476300000,131390,205.1,376.5
Connecticut,1991,508400000,63332,205.1,376.5
Delaware,1991,115600000,26013,205.1,376.5
Florida,1991,1686500000,371517,205.1,376.5
Georgia,1991,1023300000,176088,205.1,376.5
Hawaii,1991,311900000,29970,205.1,376.5
Idaho,1991,190300000,31281,205.1,376.5
Illinois,1991,1610700000,371187,205.1,376.5
Indiana,1991,854100000,171054,205.1,376.5
Iowa,1991,552300000,100764,205.1,376.5
Kansas,1991,446000000,104681,205.1,376.5
Kentucky,1991,600600000,114792,205.1,376.5
Louisiana,1991,585200000,125712,205.1,376.5
Maine,1991,164000000,29554,205.1,376.5
Maryland,1991,782700000,166686,205.1,376.5
Massachusetts,1991,603700000,121414,205.1,376.5
Michigan,1991,1423900000,334443,205.1,376.5
Minnesota,1991,948100000,179644,205.1,376.5
Mississippi,1991,377600000,95513,205.1,376.5
Missouri,1991,596200000,154247,205.1,376.5
Montana,1991,115900000,28054,205.1,376.5
Nebraska,1991,327500000,65881,205.1,376.5
Nevada,1991,163800000,30620,205.1,376.5
New Hampshire,1991,73000000,26160,205.1,376.5
New Jersey,1991,1060924000,164366,205.1,376.5
New Mexico,1991,337900000,63068,205.1,376.5
New York,1991,2374100000,437920,205.1,376.5
North Carolina,1991,1396800000,224499,205.1,376.5
North Dakota,1991,136900000,28391,205.1,376.5
Ohio,1991,1416000000,330967,205.1,376.5
Oklahoma,1991,589100000,105690,205.1,376.5
Oregon,1991,427200000,102078,205.1,376.5
Pennsylvania,1991,1253500000,286086,205.1,376.5
Rhode Island,1991,112000000,27874,205.1,376.5
South Carolina,1991,614700000,105570,205.1,376.5
South Dakota,1991,83300000,20062,205.1,376.5
Tennessee,1991,697200000,144468,205.1,376.5
Texas,1991,2961600000,612033,205.1,376.5
Utah,1991,305200000,65125,205.1,376.5
Vermont,1991,55400000,15382,205.1,376.5
Virginia,1991,1026400000,215377,205.1,376.5
Washington,1991,851700000,155141,205.1,376.5
West Virginia,1991,245200000,60626,205.1,376.5
Wisconsin,1991,837800000,188074,205.1,376.5
Wyoming,1991,131000000,21593,205.1,376.5
U.S.,1991,39117724000,7939385,205.1,376.5
Alabama,1990,770600000,159669,197.9,376.5
Alaska,1990,161000000,15213,197.9,376.5
Arizona,1990,530400000,148735,197.9,376.5
Arkansas,1990,319000000,61487,197.9,376.5
California,1990,5358400000,1141287,197.9,376.5
Colorado,1990,466800000,127721,197.9,376.5
Connecticut,1990,497100000,63374,197.9,376.5
Delaware,1990,113800000,24657,197.9,376.5
Florida,1990,1643500000,349166,197.9,376.5
Georgia,1990,983300000,163655,197.9,376.5
Hawaii,1990,301200000,28337,197.9,376.5
Idaho,1990,164600000,29459,197.9,376.5
Illinois,1990,1580900000,357722,197.9,376.5
Indiana,1990,794800000,167999,197.9,376.5
Iowa,1990,495800000,97989,197.9,376.5
Kansas,1990,430200000,102656,197.9,376.5
Kentucky,1990,539700000,108245,197.9,376.5
Louisiana,1990,527500000,120323,197.9,376.5
Maine,1990,169100000,28716,197.9,376.5
Maryland,1990,792200000,155488,197.9,376.5
Massachusetts,1990,681600000,122586,197.9,376.5
Michigan,1990,1408000000,327164,197.9,376.5
Minnesota,1990,902500000,177032,197.9,376.5
Mississippi,1990,385500000,97721,197.9,376.5
Missouri,1990,577300000,146683,197.9,376.5
Montana,1990,109600000,27471,197.9,376.5
Nebraska,1990,293200000,64502,197.9,376.5
Nevada,1990,146600000,28085,197.9,376.5
New Hampshire,1990,69000000,26486,197.9,376.5
New Jersey,1990,1079900000,169482,197.9,376.5
New Mexico,1990,302400000,60707,197.9,376.5
New York,1990,2542100000,430784,197.9,376.5
North Carolina,1990,1351200000,214812,197.9,376.5
North Dakota,1990,131300000,32160,197.9,376.5
Ohio,1990,1371600000,320836,197.9,376.5
Oklahoma,1990,539800000,102878,197.9,376.5
Oregon,1990,378500000,98848,197.9,376.5
Pennsylvania,1990,1178700000,279477,197.9,376.5
Rhode Island,1990,124800000,26668,197.9,376.5
South Carolina,1990,554600000,103083,197.9,376.5
South Dakota,1990,78100000,19108,197.9,376.5
Tennessee,1990,694900000,137078,197.9,376.5
Texas,1990,3144900000,593659,197.9,376.5
Utah,1990,292700000,60769,197.9,376.5
Vermont,1990,56100000,15210,197.9,376.5
Virginia,1990,1041500000,211007,197.9,376.5
Washington,1990,788100000,153569,197.9,376.5
West Virginia,1990,222000000,58766,197.9,376.5
Wisconsin,1990,789600000,188500,197.9,376.5
Wyoming,1990,129600000,21592,197.9,376.5
U.S.,1990,38005600000,7768621,197.9,376.5
Alabama,1989,769300000,147265,188.6,376.5
Alaska,1989,154200000,15063,188.6,376.5
Arizona,1989,516600000,139868,188.6,376.5
Arkansas,1989,308300000,58586,188.6,376.5
California,1989,5070100000,1047288,188.6,376.5
Colorado,1989,444200000,122837,188.6,376.5
Connecticut,1989,458600000,61260,188.6,376.5
Delaware,1989,105600000,22164,188.6,376.5
Florida,1989,1458300000,324382,188.6,376.5
Georgia,1989,905200000,179849,188.6,376.5
Hawaii,1989,252000000,27906,188.6,376.5
Idaho,1989,150800000,27701,188.6,376.5
Illinois,1989,1307600000,349643,188.6,376.5
Indiana,1989,736800000,161211,188.6,376.5
Iowa,1989,452900000,96600,188.6,376.5
Kansas,1989,383400000,98843,188.6,376.5
Kentucky,1989,510400000,101157,188.6,376.5
Louisiana,1989,483000000,120034,188.6,376.5
Maine,1989,157500000,27800,188.6,376.5
Maryland,1989,676500000,153055,188.6,376.5
Massachusetts,1989,695500000,124045,188.6,376.5
Michigan,1989,1333900000,324999,188.6,376.5
Minnesota,1989,839800000,169423,188.6,376.5
Mississippi,1989,380100000,84499,188.6,376.5
Missouri,1989,534400000,138906,188.6,376.5
Montana,1989,105300000,26585,188.6,376.5
Nebraska,1989,253600000,62403,188.6,376.5
Nevada,1989,121900000,25734,188.6,376.5
New Hampshire,1989,72400000,24590,188.6,376.5
New Jersey,1989,1055000000,161135,188.6,376.5
New Mexico,1989,282100000,59249,188.6,376.5
New York,1989,2587300000,419894,188.6,376.5
North Carolina,1989,1269100000,205167,188.6,376.5
North Dakota,1989,117600000,31072,188.6,376.5
Ohio,1989,1263100000,310651,188.6,376.5
Oklahoma,1989,490600000,103550,188.6,376.5
Oregon,1989,358000000,98481,188.6,376.5
Pennsylvania,1989,1098400000,270447,188.6,376.5
Rhode Island,1989,122500000,25468,188.6,376.5
South Carolina,1989,549000000,108158,188.6,376.5
South Dakota,1989,72200000,18227,188.6,376.5
Tennessee,1989,672200000,129524,188.6,376.5
Texas,1989,2180100000,584360,188.6,376.5
Utah,1989,264000000,57116,188.6,376.5
Vermont,1989,52700000,14678,188.6,376.5
Virginia,1989,986200000,198869,188.6,376.5
Washington,1989,713500000,149625,188.6,376.5
West Virginia,1989,225600000,55594,188.6,376.5
Wisconsin,1989,732900000,188166,188.6,376.5
Wyoming,1989,126200000,20472,188.6,376.5
U.S.,1989,34856500000,7473599,188.6,376.5
Alabama,1988,664300000,143246,180.7,376.5
Alaska,1988,146500000,14349,180.7,376.5
Arizona,1988,470700000,129939,180.7,376.5
Arkansas,1988,280700000,56056,180.7,376.5
California,1988,4957300000,1041280,180.7,376.5
Colorado,1988,410400000,116979,180.7,376.5
Connecticut,1988,407800000,59160,180.7,376.5
Delaware,1988,100200000,21842,180.7,376.5
Florida,1988,1318200000,303344,180.7,376.5
Georgia,1988,843100000,175581,180.7,376.5
Hawaii,1988,233000000,27774,180.7,376.5
Idaho,1988,144700000,26406,180.7,376.5
Illinois,1988,1224500000,348745,180.7,376.5
Indiana,1988,689000000,155593,180.7,376.5
Iowa,1988,416400000,93876,180.7,376.5
Kansas,1988,357500000,94748,180.7,376.5
Kentucky,1988,488400000,95408,180.7,376.5
Louisiana,1988,494500000,119878,180.7,376.5
Maine,1988,136800000,26300,180.7,376.5
Maryland,1988,593400000,149700,180.7,376.5
Massachusetts,1988,724400000,125620,180.7,376.5
Michigan,1988,1252600000,318057,180.7,376.5
Minnesota,1988,779100000,164368,180.7,376.5
Mississippi,1988,320600000,83406,180.7,376.5
Missouri,1988,495300000,128890,180.7,376.5
Montana,1988,105100000,25918,180.7,376.5
Nebraska,1988,227500000,61658,180.7,376.5
Nevada,1988,112600000,23875,180.7,376.5
New Hampshire,1988,66600000,23874,180.7,376.5
New Jersey,1988,964900000,156634,180.7,376.5
New Mexico,1988,269900000,56334,180.7,376.5
New York,1988,2474300000,407495,180.7,376.5
North Carolina,1988,1204700000,198805,180.7,376.5
North Dakota,1988,122300000,30159,180.7,376.5
Ohio,1988,1206900000,302175,180.7,376.5
Oklahoma,1988,466800000,102960,180.7,376.5
Oregon,1988,345800000,94549,180.7,376.5
Pennsylvania,1988,1024300000,262082,180.7,376.5
Rhode Island,1988,113400000,23999,180.7,376.5
South Carolina,1988,505100000,102793,180.7,376.5
South Dakota,1988,67800000,17761,180.7,376.5
Tennessee,1988,623200000,121957,180.7,376.5
Texas,1988,2170900000,545680,180.7,376.5
Utah,1988,257200000,56153,180.7,376.5
Vermont,1988,48500000,14441,180.7,376.5
Virginia,1988,879000000,191908,180.7,376.5
Washington,1988,668000000,150412,180.7,376.5
West Virginia,1988,214800000,53271,180.7,376.5
Wisconsin,1988,699600000,187399,180.7,376.5
Wyoming,1988,117200000,18669,180.7,376.5
U.S.,1988,32905800000,7251506,180.7,376.5
Alabama,1987,608000000,142140,174.4,376.5
Alaska,1987,144100000,14894,174.4,376.5
Arizona,1987,431100000,124340,174.4,376.5
Arkansas,1987,263600000,55566,174.4,376.5
California,1987,4785100000,1017608,174.4,376.5
Colorado,1987,394100000,113381,174.4,376.5
Connecticut,1987,359200000,57914,174.4,376.5
Delaware,1987,96200000,21372,174.4,376.5
Florida,1987,1192400000,291810,174.4,376.5
Georgia,1987,793700000,171313,174.4,376.5
Hawaii,1987,201000000,27862,174.4,376.5
Idaho,1987,131500000,25252,174.4,376.5
Illinois,1987,1285700000,351214,174.4,376.5
Indiana,1987,646800000,151753,174.4,376.5
Iowa,1987,383200000,94122,174.4,376.5
Kansas,1987,320700000,92617,174.4,376.5
Kentucky,1987,452800000,90483,174.4,376.5
Louisiana,1987,489600000,118300,174.4,376.5
Maine,1987,121400000,25900,174.4,376.5
Maryland,1987,551000000,145579,174.4,376.5
Massachusetts,1987,655400000,124550,174.4,376.5
Michigan,1987,1221500000,310220,174.4,376.5
Minnesota,1987,754900000,161556,174.4,376.5
Mississippi,1987,305400000,84715,174.4,376.5
Missouri,1987,456700000,127802,174.4,376.5
Montana,1987,101100000,26965,174.4,376.5
Nebraska,1987,215000000,61297,174.4,376.5
Nevada,1987,102400000,22155,174.4,376.5
New Hampshire,1987,55900000,21385,174.4,376.5
New Jersey,1987,870600000,156944,174.4,376.5
New Mexico,1987,256300000,55030,174.4,376.5
New York,1987,2328800000,413336,174.4,376.5
North Carolina,1987,1122500000,197847,174.4,376.5
North Dakota,1987,124800000,30380,174.4,376.5
Ohio,1987,1159300000,298678,174.4,376.5
Oklahoma,1987,462300000,102072,174.4,376.5
Oregon,1987,323600000,93073,174.4,376.5
Pennsylvania,1987,972300000,253788,174.4,376.5
Rhode Island,1987,105800000,22999,174.4,376.5
South Carolina,1987,488700000,99877,174.4,376.5
South Dakota,1987,68100000,17751,174.4,376.5
Tennessee,1987,601300000,118487,174.4,376.5
Texas,1987,1914700000,526592,174.4,376.5
Utah,1987,244400000,55647,174.4,376.5
Vermont,1987,45400000,14100,174.4,376.5
Virginia,1987,866400000,184121,174.4,376.5
Washington,1987,624200000,150132,174.4,376.5
West Virginia,1987,207500000,52906,174.4,376.5
Wisconsin,1987,661000000,190722,174.4,376.5
Wyoming,1987,116500000,16994,174.4,376.5
U.S.,1987,31084000000,7125541,174.4,376.5
Alabama,1986,691500000,139554,168.6,376.5
Alaska,1986,167800000,13965,168.6,376.5
Arizona,1986,410500000,118610,168.6,376.5
Arkansas,1986,263000000,54590,168.6,376.5
California,1986,4121700000,979150,168.6,376.5
Colorado,1986,371000000,111441,168.6,376.5
Connecticut,1986,318000000,58563,168.6,376.5
Delaware,1986,89600000,20993,168.6,376.5
Florida,1986,1060500000,283432,168.6,376.5
Georgia,1986,745400000,167050,168.6,376.5
Hawaii,1986,231000000,28689,168.6,376.5
Idaho,1986,124400000,25452,168.6,376.5
Illinois,1986,1213600000,345494,168.6,376.5
Indiana,1986,595100000,151256,168.6,376.5
Iowa,1986,364600000,94599,168.6,376.5
Kansas,1986,342500000,90246,168.6,376.5
Kentucky,1986,425100000,87225,168.6,376.5
Louisiana,1986,539700000,123065,168.6,376.5
Maine,1986,97700000,25850,168.6,376.5
Maryland,1986,514500000,144691,168.6,376.5
Massachusetts,1986,565400000,123484,168.6,376.5
Michigan,1986,1145100000,303390,168.6,376.5
Minnesota,1986,673400000,156203,168.6,376.5
Mississippi,1986,333200000,93703,168.6,376.5
Missouri,1986,454200000,126222,168.6,376.5
Montana,1986,106100000,27840,168.6,376.5
Nebraska,1986,210400000,61399,168.6,376.5
Nevada,1986,94400000,21282,168.6,376.5
New Hampshire,1986,50200000,20674,168.6,376.5
New Jersey,1986,799100000,159488,168.6,376.5
New Mexico,1986,251500000,54242,168.6,376.5
New York,1986,2090500000,414252,168.6,376.5
North Carolina,1986,1042000000,195875,168.6,376.5
North Dakota,1986,122500000,31136,168.6,376.5
Ohio,1986,1066700000,307095,168.6,376.5
Oklahoma,1986,510000000,100875,168.6,376.5
Oregon,1986,309300000,91040,168.6,376.5
Pennsylvania,1986,935600000,250991,168.6,376.5
Rhode Island,1986,105100000,22591,168.6,376.5
South Carolina,1986,461100000,99092,168.6,376.5
South Dakota,1986,65700000,18102,168.6,376.5
Tennessee,1986,536800000,118780,168.6,376.5
Texas,1986,2131200000,524409,168.6,376.5
Utah,1986,244400000,54233,168.6,376.5
Vermont,1986,42700000,13942,168.6,376.5
Virginia,1986,730500000,179049,168.6,376.5
Washington,1986,588900000,148995,168.6,376.5
West Virginia,1986,207700000,51947,168.6,376.5
Wisconsin,1986,649100000,190992,168.6,376.5
Wyoming,1986,106800000,17676,168.6,376.5
U.S.,1986,29316800000,7042914,168.6,376.5
Alabama,1985,550300000,138705,165.7,376.5
Alaska,1985,169800000,15000,165.7,376.5
Arizona,1985,353800000,117861,165.7,376.5
Arkansas,1985,246900000,54746,165.7,376.5
California,1985,3810500000,973445,165.7,376.5
Colorado,1985,359700000,113747,165.7,376.5
Connecticut,1985,293000000,60800,165.7,376.5
Delaware,1985,84000000,21845,165.7,376.5
Florida,1985,980600000,281543,165.7,376.5
Georgia,1985,694200000,162785,165.7,376.5
Hawaii,1985,213000000,29649,165.7,376.5
Idaho,1985,118100000,26110,165.7,376.5
Illinois,1985,1091500000,354119,165.7,376.5
Indiana,1985,538100000,152522,165.7,376.5
Iowa,1985,371000000,94995,165.7,376.5
Kansas,1985,329100000,91022,165.7,376.5
Kentucky,1985,403800000,88359,165.7,376.5
Louisiana,1985,567300000,123664,165.7,376.5
Maine,1985,88400000,26250,165.7,376.5
Maryland,1985,476500000,144874,165.7,376.5
Massachusetts,1985,503100000,122612,165.7,376.5
Michigan,1985,1008200000,314096,165.7,376.5
Minnesota,1985,620300000,152723,165.7,376.5
Mississippi,1985,316100000,91153,165.7,376.5
Missouri,1985,376000000,128545,165.7,376.5
Montana,1985,107300000,28333,165.7,376.5
Nebraska,1985,213200000,60972,165.7,376.5
Nevada,1985,78600000,22403,165.7,376.5
New Hampshire,1985,42600000,21441,165.7,376.5
New Jersey,1985,711600000,162606,165.7,376.5
New Mexico,1985,247700000,53979,165.7,376.5
New York,1985,1964400000,421316,165.7,376.5
North Carolina,1985,931400000,189698,165.7,376.5
North Dakota,1985,114900000,31109,165.7,376.5
Ohio,1985,939100000,309100,165.7,376.5
Oklahoma,1985,437000000,100506,165.7,376.5
Oregon,1985,282600000,90175,165.7,376.5
Pennsylvania,1985,865000000,258935,165.7,376.5
Rhode Island,1985,99200000,22831,165.7,376.5
South Carolina,1985,445100000,96763,165.7,376.5
South Dakota,1985,59100000,19311,165.7,376.5
Tennessee,1985,485400000,121932,165.7,376.5
Texas,1985,2299600000,525249,165.7,376.5
Utah,1985,235800000,54551,165.7,376.5
Vermont,1985,37000000,14275,165.7,376.5
Virginia,1985,679200000,179638,165.7,376.5
Washington,1985,558400000,149298,165.7,376.5
West Virginia,1985,192800000,53784,165.7,376.5
Wisconsin,1985,611500000,190722,165.7,376.5
Wyoming,1985,100100000,21384,165.7,376.5
U.S.,1985,27301900000,7081481,165.7,376.5
Alabama,1984,449600000,144962,160.2,376.5
Alaska,1984,158100000,15061,160.2,376.5
Arizona,1984,328000000,121672,160.2,376.5
Arkansas,1984,194000000,55831,160.2,376.5
California,1984,2662300000,993557,160.2,376.5
Colorado,1984,342800000,117535,160.2,376.5
Connecticut,1984,263800000,62048,160.2,376.5
Delaware,1984,75600000,21799,160.2,376.5
Florida,1984,921000000,288205,160.2,376.5
Georgia,1984,625900000,165715,160.2,376.5
Hawaii,1984,203000000,31453,160.2,376.5
Idaho,1984,106800000,27034,160.2,376.5
Illinois,1984,1033500000,363200,160.2,376.5
Indiana,1984,499300000,157304,160.2,376.5
Iowa,1984,341300000,97758,160.2,376.5
Kansas,1984,300700000,91689,160.2,376.5
Kentucky,1984,393800000,91516,160.2,376.5
Louisiana,1984,501300000,122965,160.2,376.5
Maine,1984,74400000,26500,160.2,376.5
Maryland,1984,426300000,144646,160.2,376.5
Massachusetts,1984,419800000,123000,160.2,376.5
Michigan,1984,851500000,327278,160.2,376.5
Minnesota,1984,579500000,157823,160.2,376.5
Mississippi,1984,307800000,91013,160.2,376.5
Missouri,1984,340800000,134278,160.2,376.5
Montana,1984,103600000,29288,160.2,376.5
Nebraska,1984,206600000,61143,160.2,376.5
Nevada,1984,75400000,22747,160.2,376.5
New Hampshire,1984,41100000,20902,160.2,376.5
New Jersey,1984,637500000,164310,160.2,376.5
New Mexico,1984,216800000,54628,160.2,376.5
New York,1984,1751500000,430135,160.2,376.5
North Carolina,1984,710300000,194188,160.2,376.5
North Dakota,1984,108700000,31585,160.2,376.5
Ohio,1984,857300000,320300,160.2,376.5
Oklahoma,1984,430000000,106054,160.2,376.5
Oregon,1984,274400000,93452,160.2,376.5
Pennsylvania,1984,792400000,256292,160.2,376.5
Rhode Island,1984,92900000,23831,160.2,376.5
South Carolina,1984,380300000,97611,160.2,376.5
South Dakota,1984,55500000,20289,160.2,376.5
Tennessee,1984,380400000,122405,160.2,376.5
Texas,1984,2218900000,527346,160.2,376.5
Utah,1984,199000000,55532,160.2,376.5
Vermont,1984,35100000,14288,160.2,376.5
Virginia,1984,600500000,182342,160.2,376.5
Washington,1984,543800000,150569,160.2,376.5
West Virginia,1984,171000000,56136,160.2,376.5
Wisconsin,1984,589600000,194783,160.2,376.5
Wyoming,1984,99200000,18760,160.2,376.5
U.S.,1984,23972700000,7222758,160.2,376.5
Alabama,1983,401600000,145520,153.8,376.5
Alaska,1983,148000000,13941,153.8,376.5
Arizona,1983,284100000,125103,153.8,376.5
Arkansas,1983,186500000,55935,153.8,376.5
California,1983,2973200000,1053638,153.8,376.5
Colorado,1983,322600000,118319,153.8,376.5
Connecticut,1983,243100000,62000,153.8,376.5
Delaware,1983,74700000,21613,153.8,376.5
Florida,1983,841000000,287714,153.8,376.5
Georgia,1983,598700000,167684,153.8,376.5
Hawaii,1983,200000000,32457,153.8,376.5
Idaho,1983,99900000,27252,153.8,376.5
Illinois,1983,931300000,385343,153.8,376.5
Indiana,1983,456100000,157631,153.8,376.5
Iowa,1983,350800000,96266,153.8,376.5
Kansas,1983,299300000,91735,153.8,376.5
Kentucky,1983,361200000,93637,153.8,376.5
Louisiana,1983,489400000,119225,153.8,376.5
Maine,1983,70800000,26500,153.8,376.5
Maryland,1983,423800000,141311,153.8,376.5
Massachusetts,1983,387000000,124638,153.8,376.5
Michigan,1983,811900000,320195,153.8,376.5
Minnesota,1983,532400000,159976,153.8,376.5
Mississippi,1983,275800000,90839,153.8,376.5
Missouri,1983,334200000,134852,153.8,376.5
Montana,1983,95300000,29042,153.8,376.5
Nebraska,1983,196100000,61603,153.8,376.5
Nevada,1983,71900000,23227,153.8,376.5
New Hampshire,1983,35200000,20634,153.8,376.5
New Jersey,1983,585800000,168663,153.8,376.5
New Mexico,1983,207100000,54058,153.8,376.5
New York,1983,1665100000,435011,153.8,376.5
North Carolina,1983,673800000,185485,153.8,376.5
North Dakota,1983,105600000,29930,153.8,376.5
Ohio,1983,736600000,313600,153.8,376.5
Oklahoma,1983,464000000,104915,153.8,376.5
Oregon,1983,231000000,96198,153.8,376.5
Pennsylvania,1983,763600000,259935,153.8,376.5
Rhode Island,1983,88400000,23481,153.8,376.5
South Carolina,1983,347300000,100659,153.8,376.5
South Dakota,1983,55500000,20673,153.8,376.5
Tennessee,1983,365400000,123790,153.8,376.5
Texas,1983,2016500000,518400,153.8,376.5
Utah,1983,192200000,54326,153.8,376.5
Vermont,1983,32400000,13984,153.8,376.5
Virginia,1983,572300000,183630,153.8,376.5
Washington,1983,443700000,150375,153.8,376.5
West Virginia,1983,162900000,56425,153.8,376.5
Wisconsin,1983,543700000,194386,153.8,376.5
Wyoming,1983,97200000,16592,153.8,376.5
U.S.,1983,22846000000,7292346,153.8,376.5
Alabama,1982,371100000,144840,147.5,376.5
Alaska,1982,127300000,12794,147.5,376.5
Arizona,1982,307400000,122762,147.5,376.5
Arkansas,1982,174100000,55883,147.5,376.5
California,1982,3088100000,1075967,147.5,376.5
Colorado,1982,285300000,117425,147.5,376.5
Connecticut,1982,220200000,61391,147.5,376.5
Delaware,1982,69900000,21821,147.5,376.5
Florida,1982,797700000,296090,147.5,376.5
Georgia,1982,559200000,161800,147.5,376.5
Hawaii,1982,170000000,31540,147.5,376.5
Idaho,1982,96900000,28720,147.5,376.5
Illinois,1982,898700000,387811,147.5,376.5
Indiana,1982,453800000,155892,147.5,376.5
Iowa,1982,306700000,94316,147.5,376.5
Kansas,1982,287200000,90814,147.5,376.5
Kentucky,1982,332800000,93790,147.5,376.5
Louisiana,1982,459800000,115702,147.5,376.5
Maine,1982,64800000,26700,147.5,376.5
Maryland,1982,376200000,138254,147.5,376.5
Massachusetts,1982,362000000,127374,147.5,376.5
Michigan,1982,883000000,327077,147.5,376.5
Minnesota,1982,536900000,162921,147.5,376.5
Mississippi,1982,262000000,90754,147.5,376.5
Missouri,1982,318700000,134973,147.5,376.5
Montana,1982,83700000,28071,147.5,376.5
Nebraska,1982,191000000,61200,147.5,376.5
Nevada,1982,68600000,21797,147.5,376.5
New Hampshire,1982,39300000,20714,147.5,376.5
New Jersey,1982,553100000,171609,147.5,376.5
New Mexico,1982,188600000,52209,147.5,376.5
New York,1982,1550900000,435249,147.5,376.5
North Carolina,1982,627000000,180471,147.5,376.5
North Dakota,1982,105100000,29369,147.5,376.5
Ohio,1982,718100000,322800,147.5,376.5
Oklahoma,1982,390000000,101627,147.5,376.5
Oregon,1982,248400000,99365,147.5,376.5
Pennsylvania,1982,718800000,254222,147.5,376.5
Rhode Island,1982,81800000,24622,147.5,376.5
South Carolina,1982,341700000,99522,147.5,376.5
South Dakota,1982,57000000,20701,147.5,376.5
Tennessee,1982,347400000,121408,147.5,376.5
Texas,1982,1887800000,493400,147.5,376.5
Utah,1982,173800000,51757,147.5,376.5
Vermont,1982,29800000,14170,147.5,376.5
Virginia,1982,529400000,185937,147.5,376.5
Washington,1982,443100000,151683,147.5,376.5
West Virginia,1982,169700000,56448,147.5,376.5
Wisconsin,1982,525400000,191396,147.5,376.5
Wyoming,1982,82600000,15489,147.5,376.5
U.S.,1982,21961900000,7282647,147.5,376.5
Alabama,1981,368200000,145092,139.1,376.5
Alaska,1981,105300000,11744,139.1,376.5
Arizona,1981,267900000,121835,139.1,376.5
Arkansas,1981,164700000,55125,139.1,376.5
California,1981,3077300000,1048051,139.1,376.5
Colorado,1981,235200000,115913,139.1,376.5
Connecticut,1981,200600000,60385,139.1,376.5
Delaware,1981,58800000,21253,139.1,376.5
Florida,1981,714700000,299391,139.1,376.5
Georgia,1981,484200000,158724,139.1,376.5
Hawaii,1981,150000000,30643,139.1,376.5
Idaho,1981,98700000,28373,139.1,376.5
Illinois,1981,868500000,369824,139.1,376.5
Indiana,1981,435700000,153234,139.1,376.5
Iowa,1981,281200000,90586,139.1,376.5
Kansas,1981,271000000,89991,139.1,376.5
Kentucky,1981,303400000,93863,139.1,376.5
Louisiana,1981,400500000,110043,139.1,376.5
Maine,1981,59700000,26650,139.1,376.5
Maryland,1981,365100000,134769,139.1,376.5
Massachusetts,1981,340000000,128268,139.1,376.5
Michigan,1981,717500000,328483,139.1,376.5
Minnesota,1981,471800000,159470,139.1,376.5
Mississippi,1981,242900000,85165,139.1,376.5
Missouri,1981,332400000,130240,139.1,376.5
Montana,1981,66500000,27137,139.1,376.5
Nebraska,1981,176300000,59389,139.1,376.5
Nevada,1981,64100000,21022,139.1,376.5
New Hampshire,1981,32900000,19803,139.1,376.5
New Jersey,1981,500700000,172559,139.1,376.5
New Mexico,1981,164500000,50357,139.1,376.5
New York,1981,1376900000,431841,139.1,376.5
North Carolina,1981,561200000,174900,139.1,376.5
North Dakota,1981,83900000,27811,139.1,376.5
Ohio,1981,698900000,303300,139.1,376.5
Oklahoma,1981,324000000,100947,139.1,376.5
Oregon,1981,219600000,100604,139.1,376.5
Pennsylvania,1981,640900000,246924,139.1,376.5
Rhode Island,1981,78100000,24117,139.1,376.5
South Carolina,1981,337200000,99113,139.1,376.5
South Dakota,1981,50200000,19738,139.1,376.5
Tennessee,1981,321200000,123796,139.1,376.5
Texas,1981,1451700000,483100,139.1,376.5
Utah,1981,155600000,50269,139.1,376.5
Vermont,1981,26500000,14120,139.1,376.5
Virginia,1981,499600000,181432,139.1,376.5
Washington,1981,451800000,168150,139.1,376.5
West Virginia,1981,152700000,55468,139.1,376.5
Wisconsin,1981,505300000,184388,139.1,376.5
Wyoming,1981,70500000,14528,139.1,376.5
U.S.,1981,20026100000,7151928,139.1,376.5
Alabama,1980,317400000,138620,127.1,376.5
Alaska,1980,86500000,10530,127.1,376.5
Arizona,1980,231800000,120148,127.1,376.5
Arkansas,1980,156300000,53130,127.1,376.5
California,1980,2653000000,979142,127.1,376.5
Colorado,1980,217900000,113281,127.1,376.5
Connecticut,1980,178700000,58909,127.1,376.5
Delaware,1980,51100000,20664,127.1,376.5
Florida,1980,625800000,287388,127.1,376.5
Georgia,1980,431700000,157155,127.1,376.5
Hawaii,1980,134000000,30465,127.1,376.5
Idaho,1980,88200000,26647,127.1,376.5
Illinois,1980,793300000,342097,127.1,376.5
Indiana,1980,388400000,142061,127.1,376.5
Iowa,1980,247200000,84210,127.1,376.5
Kansas,1980,245700000,87216,127.1,376.5
Kentucky,1980,298900000,89389,127.1,376.5
Louisiana,1980,333100000,106686,127.1,376.5
Maine,1980,54700000,26250,127.1,376.5
Maryland,1980,325300000,133228,127.1,376.5
Massachusetts,1980,330400000,122952,127.1,376.5
Michigan,1980,766600000,318166,127.1,376.5
Minnesota,1980,458500000,149418,127.1,376.5
Mississippi,1980,217600000,85292,127.1,376.5
Missouri,1980,303600000,120468,127.1,376.5
Montana,1980,60500000,25452,127.1,376.5
Nebraska,1980,161100000,56360,127.1,376.5
Nevada,1980,58300000,19367,127.1,376.5
New Hampshire,1980,29800000,19415,127.1,376.5
New Jersey,1980,466800000,171390,127.1,376.5
New Mexico,1980,137300000,48268,127.1,376.5
New York,1980,1286600000,418679,127.1,376.5
North Carolina,1980,492700000,165642,127.1,376.5
North Dakota,1980,75700000,26735,127.1,376.5
Ohio,1980,649300000,291000,127.1,376.5
Oklahoma,1980,274000000,96476,127.1,376.5
Oregon,1980,227700000,96946,127.1,376.5
Pennsylvania,1980,635000000,243296,127.1,376.5
Rhode Island,1980,72700000,23237,127.1,376.5
South Carolina,1980,311800000,95600,127.1,376.5
South Dakota,1980,51200000,18623,127.1,376.5
Tennessee,1980,317800000,124022,127.1,376.5
Texas,1980,1302600000,466900,127.1,376.5
Utah,1980,138800000,47061,127.1,376.5
Vermont,1980,24700000,13656,127.1,376.5
Virginia,1980,433200000,175197,127.1,376.5
Washington,1980,456900000,163866,127.1,376.5
West Virginia,1980,145300000,53331,127.1,376.5
Wisconsin,1980,463300000,174163,127.1,376.5
Wyoming,1980,51700000,14048,127.1,376.5
U.S.,1980,18260500000,6852242,127.1,376.5
